"Type","Source","Destination","Alt Text","Length","Path Type","Link Path","Link Position","Link Origin","Real Dimensions","Dimensions in Attributes","Display Dimensions"
"Image","https://leon-international.com/","https://leon-international.com/_next/image/?url=%2FBrands%2FJohn_Deere_logo.svg.png&w=3840&q=75","John Deere logo","15","Root-Relative","//body/main/section[6]/div/div[2]/div[17]/div/img","Content","HTML","","",""
"Image","https://leon-international.com/","https://leon-international.com/_next/image/?url=%2Fservices%2Fservice-7.webp&w=3840&q=75","HVAC & Refrigeration","20","Root-Relative","//body/main/section[4]/div/div[2]/a[7]/img","Content","HTML","","",""
"Image","https://leon-international.com/services/","https://leon-international.com/_next/image/?url=%2Fservices%2Fservice-7.webp&w=3840&q=75","HVAC & Refrigeration","20","Root-Relative","//body/main/div/section/div/div[2]/a[7]/img","Content","HTML","","",""
"Image","https://leon-international.com/","https://leon-international.com/_next/image/?url=%2FProjects%2Floading_arms_repair.webp&w=3840&q=75","Loading Arms Repairing","22","Root-Relative","//body/main/section[8]/div/div[2]/div[3]/img","Content","HTML","","",""
"Image","https://leon-international.com/","https://leon-international.com/_next/image/?url=%2FBrands%2FWauk.webp&w=3840&q=75","Waukesha logo","13","Root-Relative","//body/main/section[6]/div/div[2]/div[13]/div/img","Content","HTML","","",""
"Image","https://leon-international.com/","https://leon-international.com/Brands/b/images%20(1).png","CMA CGM","7","Root-Relative","//body/main/section[9]/div[1]/div[1]/div[1]/div[2]/img","Content","HTML","","",""
"Image","https://leon-international.com/","https://leon-international.com/Brands/b/images%20(1).png","CMA CGM","7","Root-Relative","//body/main/section[9]/div[1]/div[1]/div[2]/div[2]/img","Content","HTML","","",""
"Image","https://leon-international.com/about/","https://leon-international.com/Brands/b/images%20(1).png","CMA CGM","7","Root-Relative","//body/main/section[6]/div[1]/div[1]/div[1]/div[2]/img","Content","HTML","","",""
"Image","https://leon-international.com/about/","https://leon-international.com/Brands/b/images%20(1).png","CMA CGM","7","Root-Relative","//body/main/section[6]/div[1]/div[1]/div[2]/div[2]/img","Content","HTML","","",""
"Image","https://leon-international.com/","https://leon-international.com/_next/image/?url=%2FBrands%2FDeutz_Logo.svg.png&w=3840&q=75","DEUTZ logo","10","Root-Relative","//body/main/section[6]/div/div[2]/div[9]/div/img","Content","HTML","","",""
"Image","https://leon-international.com/","https://leon-international.com/_next/image/?url=%2FBrands%2FBergen-Logo-WHITE.webp&w=3840&q=75","Bergen logo","11","Root-Relative","//body/main/section[6]/div/div[2]/div[14]/div/img","Content","HTML","","",""
"Image","https://leon-international.com/","https://leon-international.com/_next/image/?url=%2Fimages%2Fclients%2Fhilal.png&w=3840&q=75","Hilal Food logo","15","Root-Relative","//body/main/section[2]/div[2]/div[2]/div/div[1]/div[1]/div[1]/img","Content","HTML","","",""
"Image","https://leon-international.com/","https://leon-international.com/_next/image/?url=%2Fimages%2Fclients%2Fhilal.png&w=3840&q=75","Hilal Food logo","15","Root-Relative","//body/main/section[2]/div[2]/div[2]/div/div[2]/div[1]/div[1]/img","Content","HTML","","",""
"Image","https://leon-international.com/food-supply-chain-support/","https://leon-international.com/_next/image/?url=%2Fimages%2Fclients%2Fhilal.png&w=3840&q=75","Hilal Food logo","15","Root-Relative","//body/main/main/section[2]/div/div[2]/div/div[1]/div/img","Content","HTML","","",""
"Image","https://leon-international.com/chemical-supplies/","https://leon-international.com/_next/image/?url=%2Fimages%2Fclients%2Fhilal.png&w=3840&q=75","Hilal Food logo","15","Root-Relative","//body/main/main/section[2]/div/div[2]/div/div[1]/div/img","Content","HTML","","",""
"Image","https://leon-international.com/","https://leon-international.com/_next/image/?url=%2FProjects%2Fmain_engine_overhaul.webp&w=3840&q=75","Main Engine Overhaul","20","Root-Relative","//body/main/section[8]/div/div[2]/div[6]/img","Content","HTML","","",""
"Image","https://leon-international.com/","https://leon-international.com/_next/image/?url=%2FProjects%2Ffender_repair.webp&w=3840&q=75","Fender Repair Work","18","Root-Relative","//body/main/section[8]/div/div[2]/div[4]/img","Content","HTML","","",""
"Image","https://leon-international.com/","https://leon-international.com/_next/image/?url=%2Fimages%2Fclients%2Fdipitt.png&w=3840&q=75","Dipitt logo","11","Root-Relative","//body/main/section[2]/div[2]/div[2]/div/div[1]/div[3]/div[1]/img","Content","HTML","","",""
"Image","https://leon-international.com/","https://leon-international.com/_next/image/?url=%2Fimages%2Fclients%2Fdipitt.png&w=3840&q=75","Dipitt logo","11","Root-Relative","//body/main/section[2]/div[2]/div[2]/div/div[2]/div[3]/div[1]/img","Content","HTML","","",""
"Image","https://leon-international.com/food-supply-chain-support/","https://leon-international.com/_next/image/?url=%2Fimages%2Fclients%2Fdipitt.png&w=3840&q=75","Dipitt logo","11","Root-Relative","//body/main/main/section[2]/div/div[2]/div/div[3]/div/img","Content","HTML","","",""
"Image","https://leon-international.com/chemical-supplies/","https://leon-international.com/_next/image/?url=%2Fimages%2Fclients%2Fdipitt.png&w=3840&q=75","Dipitt logo","11","Root-Relative","//body/main/main/section[2]/div/div[2]/div/div[3]/div/img","Content","HTML","","",""
"Image","https://leon-international.com/","https://leon-international.com/Brands/b/images%20(2).png","Ethiopian Shipping","18","Root-Relative","//body/main/section[9]/div[1]/div[1]/div[1]/div[5]/img","Content","HTML","","",""
"Image","https://leon-international.com/","https://leon-international.com/Brands/b/images%20(2).png","Ethiopian Shipping","18","Root-Relative","//body/main/section[9]/div[1]/div[1]/div[2]/div[5]/img","Content","HTML","","",""
"Image","https://leon-international.com/about/","https://leon-international.com/Brands/b/images%20(2).png","Ethiopian Shipping","18","Root-Relative","//body/main/section[6]/div[1]/div[1]/div[1]/div[5]/img","Content","HTML","","",""
"Image","https://leon-international.com/about/","https://leon-international.com/Brands/b/images%20(2).png","Ethiopian Shipping","18","Root-Relative","//body/main/section[6]/div[1]/div[1]/div[2]/div[5]/img","Content","HTML","","",""
"Image","https://leon-international.com/","https://leon-international.com/_next/image/?url=%2FProducts%2Felectrical_equipment.webp&w=3840&q=75","Electrical Equipment","20","Root-Relative","//body/main/section[5]/div[4]/div[2]/div[5]/div[1]/img","Content","HTML","","",""
"Image","https://leon-international.com/","https://leon-international.com/_next/image/?url=%2FProducts%2Fnavigation_systems.webp&w=3840&q=75","Navigation Systems","18","Root-Relative","//body/main/section[5]/div[4]/div[2]/div[4]/div[1]/img","Content","HTML","","",""
"Image","https://leon-international.com/","https://leon-international.com/_next/image/?url=%2FBrands%2F1956_Dieselring-1.webp&w=3840&q=75","MWM logo","8","Root-Relative","//body/main/section[6]/div/div[2]/div[12]/div/img","Content","HTML","","",""
"Image","https://leon-international.com/","https://leon-international.com/_next/image/?url=%2Fhero-1.webp&w=3840&q=75","Hero Background","15","Root-Relative","//body/main/section[1]/div[1]/img","Content","HTML","","",""
"Image","https://leon-international.com/","https://leon-international.com/_next/image/?url=%2FProducts%2Fengine_parts.webp&w=3840&q=75","Engine Parts","12","Root-Relative","//body/main/section[5]/div[4]/div[2]/div[1]/div[1]/img","Content","HTML","","",""
"Image","https://leon-international.com/","https://leon-international.com/_next/image/?url=%2Fservices%2Fservice-5.webp&w=3840&q=75","NDT & Inspection","16","Root-Relative","//body/main/section[4]/div/div[2]/a[5]/img","Content","HTML","","",""
"Image","https://leon-international.com/services/","https://leon-international.com/_next/image/?url=%2Fservices%2Fservice-5.webp&w=3840&q=75","NDT & Inspection","16","Root-Relative","//body/main/div/section/div/div[2]/a[5]/img","Content","HTML","","",""
"Image","https://leon-international.com/","https://leon-international.com/_next/image/?url=%2FBrands%2FWärtsilä-Logo.wine.png&w=3840&q=75","Wärtsilä logo","13","Root-Relative","//body/main/section[6]/div/div[2]/div[2]/div/img","Content","HTML","","",""
"Image","https://leon-international.com/","https://leon-international.com/_next/image/?url=%2FProducts%2Fturbocharger_spares.webp&w=3840&q=75","Turbocharger Spares","19","Root-Relative","//body/main/section[5]/div[4]/div[2]/div[3]/div[1]/img","Content","HTML","","",""
"Image","https://leon-international.com/","https://leon-international.com/_next/image/?url=%2Fimages%2Fclients%2Fhabib.png&w=3840&q=75","Habib logo","10","Root-Relative","//body/main/section[2]/div[2]/div[2]/div/div[1]/div[6]/div[1]/img","Content","HTML","","",""
"Image","https://leon-international.com/","https://leon-international.com/_next/image/?url=%2Fimages%2Fclients%2Fhabib.png&w=3840&q=75","Habib logo","10","Root-Relative","//body/main/section[2]/div[2]/div[2]/div/div[2]/div[6]/div[1]/img","Content","HTML","","",""
"Image","https://leon-international.com/food-supply-chain-support/","https://leon-international.com/_next/image/?url=%2Fimages%2Fclients%2Fhabib.png&w=3840&q=75","Habib logo","10","Root-Relative","//body/main/main/section[2]/div/div[2]/div/div[6]/div/img","Content","HTML","","",""
"Image","https://leon-international.com/chemical-supplies/","https://leon-international.com/_next/image/?url=%2Fimages%2Fclients%2Fhabib.png&w=3840&q=75","Habib logo","10","Root-Relative","//body/main/main/section[2]/div/div[2]/div/div[6]/div/img","Content","HTML","","",""
"Image","https://leon-international.com/","https://leon-international.com/_next/image/?url=%2Fabout-snapshot.webp&w=3840&q=75","Marine Engineering and Spare Parts Excellence","45","Root-Relative","//body/main/section[3]/div/div/div[1]/div[1]/img","Content","HTML","","",""
"Image","https://leon-international.com/","https://leon-international.com/_next/image/?url=%2Fservices%2Fservice-2.webp&w=3840&q=75","Engine & Mechanical Repair","26","Root-Relative","//body/main/section[4]/div/div[2]/a[2]/img","Content","HTML","","",""
"Image","https://leon-international.com/services/","https://leon-international.com/_next/image/?url=%2Fservices%2Fservice-2.webp&w=3840&q=75","Engine & Mechanical Repair","26","Root-Relative","//body/main/div/section/div/div[2]/a[2]/img","Content","HTML","","",""
"Image","https://leon-international.com/","https://leon-international.com/_next/image/?url=%2FProducts%2Fdiesel_generators.webp&w=3840&q=75","Diesel Generators","17","Root-Relative","//body/main/section[5]/div[4]/div[2]/div[2]/div[1]/img","Content","HTML","","",""
"Image","https://leon-international.com/","https://leon-international.com/_next/image/?url=%2FBrands%2FMitsubishi-logo.png&w=3840&q=75","Mitsubishi logo","15","Root-Relative","//body/main/section[6]/div/div[2]/div[18]/div/img","Content","HTML","","",""
"Image","https://leon-international.com/","https://leon-international.com/_next/image/?url=%2Fservices%2Fservice-3.webp&w=3840&q=75","Electrical & Electronics","24","Root-Relative","//body/main/section[4]/div/div[2]/a[3]/img","Content","HTML","","",""
"Image","https://leon-international.com/services/","https://leon-international.com/_next/image/?url=%2Fservices%2Fservice-3.webp&w=3840&q=75","Electrical & Electronics","24","Root-Relative","//body/main/div/section/div/div[2]/a[3]/img","Content","HTML","","",""
"Image","https://leon-international.com/","https://leon-international.com/_next/image/?url=%2FBrands%2FDaihatsu-Logo.wine.png&w=3840&q=75","Daihatsu logo","13","Root-Relative","//body/main/section[6]/div/div[2]/div[8]/div/img","Content","HTML","","",""
"Image","https://leon-international.com/","https://leon-international.com/_next/image/?url=%2FBrands%2FStork_logo.jpg&w=3840&q=75","Stork logo","10","Root-Relative","//body/main/section[6]/div/div[2]/div[20]/div/img","Content","HTML","","",""
"Image","https://leon-international.com/","https://leon-international.com/_next/image/?url=%2FBrands%2FMTU_Aero_Engines_Logo.svg.png&w=3840&q=75","MTU logo","8","Root-Relative","//body/main/section[6]/div/div[2]/div[5]/div/img","Content","HTML","","",""
"Image","https://leon-international.com/","https://leon-international.com/_next/image/?url=%2FBrands%2Fpng-transparent-sulzer-hd-logo.png&w=3840&q=75","Sulzer logo","11","Root-Relative","//body/main/section[6]/div/div[2]/div[22]/div/img","Content","HTML","","",""
"Image","https://leon-international.com/","https://leon-international.com/Brands/b/images.png","COSCO","5","Root-Relative","//body/main/section[9]/div[1]/div[1]/div[1]/div[1]/img","Content","HTML","","",""
"Image","https://leon-international.com/","https://leon-international.com/Brands/b/images.png","COSCO","5","Root-Relative","//body/main/section[9]/div[1]/div[1]/div[2]/div[1]/img","Content","HTML","","",""
"Image","https://leon-international.com/about/","https://leon-international.com/Brands/b/images.png","COSCO","5","Root-Relative","//body/main/section[6]/div[1]/div[1]/div[1]/div[1]/img","Content","HTML","","",""
"Image","https://leon-international.com/about/","https://leon-international.com/Brands/b/images.png","COSCO","5","Root-Relative","//body/main/section[6]/div[1]/div[1]/div[2]/div[1]/img","Content","HTML","","",""
"Image","https://leon-international.com/","https://leon-international.com/_next/image/?url=%2Fimages%2Flogo-transparent.png&w=3840&q=75","Leon International Logo","23","Root-Relative","//body/header/nav/div[1]/a/div/img","Navigation","HTML","","",""
"Image","https://leon-international.com/","https://leon-international.com/_next/image/?url=%2Fimages%2Flogo-transparent.png&w=3840&q=75","Leon International Logo","23","Root-Relative","//body/div[2]/div[2]/div[1]/a/div/img","Content","HTML","","",""
"Image","https://leon-international.com/","https://leon-international.com/_next/image/?url=%2Fimages%2Flogo-transparent.png&w=3840&q=75","Leon International Logo","23","Root-Relative","//body/footer/div/div[1]/div[1]/a/div/img","Footer","HTML","","",""
"Image","https://leon-international.com/specialized/","https://leon-international.com/_next/image/?url=%2Fimages%2Flogo-transparent.png&w=3840&q=75","Leon International Logo","23","Root-Relative","//body/header/nav/div[1]/a/div/img","Navigation","HTML","","",""
"Image","https://leon-international.com/specialized/","https://leon-international.com/_next/image/?url=%2Fimages%2Flogo-transparent.png&w=3840&q=75","Leon International Logo","23","Root-Relative","//body/div[2]/div[2]/div[1]/a/div/img","Content","HTML","","",""
"Image","https://leon-international.com/specialized/","https://leon-international.com/_next/image/?url=%2Fimages%2Flogo-transparent.png&w=3840&q=75","Leon International Logo","23","Root-Relative","//body/footer/div/div[1]/div[1]/a/div/img","Footer","HTML","","",""
"Image","https://leon-international.com/air-lifting-balloon/","https://leon-international.com/_next/image/?url=%2Fimages%2Flogo-transparent.png&w=3840&q=75","Leon International Logo","23","Root-Relative","//body/header/nav/div[1]/a/div/img","Navigation","HTML","","",""
"Image","https://leon-international.com/air-lifting-balloon/","https://leon-international.com/_next/image/?url=%2Fimages%2Flogo-transparent.png&w=3840&q=75","Leon International Logo","23","Root-Relative","//body/div[2]/div[2]/div[1]/a/div/img","Content","HTML","","",""
"Image","https://leon-international.com/air-lifting-balloon/","https://leon-international.com/_next/image/?url=%2Fimages%2Flogo-transparent.png&w=3840&q=75","Leon International Logo","23","Root-Relative","//body/footer/div/div[1]/div[1]/a/div/img","Footer","HTML","","",""
"Image","https://leon-international.com/metal-stitching/","https://leon-international.com/_next/image/?url=%2Fimages%2Flogo-transparent.png&w=3840&q=75","Leon International Logo","23","Root-Relative","//body/header/nav/div[1]/a/div/img","Navigation","HTML","","",""
"Image","https://leon-international.com/metal-stitching/","https://leon-international.com/_next/image/?url=%2Fimages%2Flogo-transparent.png&w=3840&q=75","Leon International Logo","23","Root-Relative","//body/div[2]/div[2]/div[1]/a/div/img","Content","HTML","","",""
"Image","https://leon-international.com/metal-stitching/","https://leon-international.com/_next/image/?url=%2Fimages%2Flogo-transparent.png&w=3840&q=75","Leon International Logo","23","Root-Relative","//body/footer/div/div[1]/div[1]/a/div/img","Footer","HTML","","",""
"Image","https://leon-international.com/boiler-repair/","https://leon-international.com/_next/image/?url=%2Fimages%2Flogo-transparent.png&w=3840&q=75","Leon International Logo","23","Root-Relative","//body/header/nav/div[1]/a/div/img","Navigation","HTML","","",""
"Image","https://leon-international.com/boiler-repair/","https://leon-international.com/_next/image/?url=%2Fimages%2Flogo-transparent.png&w=3840&q=75","Leon International Logo","23","Root-Relative","//body/div[2]/div[2]/div[1]/a/div/img","Content","HTML","","",""
"Image","https://leon-international.com/boiler-repair/","https://leon-international.com/_next/image/?url=%2Fimages%2Flogo-transparent.png&w=3840&q=75","Leon International Logo","23","Root-Relative","//body/footer/div/div[1]/div[1]/a/div/img","Footer","HTML","","",""
"Image","https://leon-international.com/mtu-parts/","https://leon-international.com/_next/image/?url=%2Fimages%2Flogo-transparent.png&w=3840&q=75","Leon International Logo","23","Root-Relative","//body/header/nav/div[1]/a/div/img","Navigation","HTML","","",""
"Image","https://leon-international.com/mtu-parts/","https://leon-international.com/_next/image/?url=%2Fimages%2Flogo-transparent.png&w=3840&q=75","Leon International Logo","23","Root-Relative","//body/div[2]/div[2]/div[1]/a/div/img","Content","HTML","","",""
"Image","https://leon-international.com/mtu-parts/","https://leon-international.com/_next/image/?url=%2Fimages%2Flogo-transparent.png&w=3840&q=75","Leon International Logo","23","Root-Relative","//body/footer/div/div[1]/div[1]/a/div/img","Footer","HTML","","",""
"Image","https://leon-international.com/privacy-policy/","https://leon-international.com/_next/image/?url=%2Fimages%2Flogo-transparent.png&w=3840&q=75","Leon International Logo","23","Root-Relative","//body/header/nav/div[1]/a/div/img","Navigation","HTML","","",""
"Image","https://leon-international.com/privacy-policy/","https://leon-international.com/_next/image/?url=%2Fimages%2Flogo-transparent.png&w=3840&q=75","Leon International Logo","23","Root-Relative","//body/div[2]/div[2]/div[1]/a/div/img","Content","HTML","","",""
"Image","https://leon-international.com/privacy-policy/","https://leon-international.com/_next/image/?url=%2Fimages%2Flogo-transparent.png&w=3840&q=75","Leon International Logo","23","Root-Relative","//body/footer/div/div[1]/div[1]/a/div/img","Footer","HTML","","",""
"Image","https://leon-international.com/industrial-coatings/","https://leon-international.com/_next/image/?url=%2Fimages%2Flogo-transparent.png&w=3840&q=75","Leon International Logo","23","Root-Relative","//body/header/nav/div[1]/a/div/img","Navigation","HTML","","",""
"Image","https://leon-international.com/industrial-coatings/","https://leon-international.com/_next/image/?url=%2Fimages%2Flogo-transparent.png&w=3840&q=75","Leon International Logo","23","Root-Relative","//body/div[2]/div[2]/div[1]/a/div/img","Content","HTML","","",""
"Image","https://leon-international.com/industrial-coatings/","https://leon-international.com/_next/image/?url=%2Fimages%2Flogo-transparent.png&w=3840&q=75","Leon International Logo","23","Root-Relative","//body/footer/div/div[1]/div[1]/a/div/img","Footer","HTML","","",""
"Image","https://leon-international.com/food-supply-chain-support/","https://leon-international.com/_next/image/?url=%2Fimages%2Flogo-transparent.png&w=3840&q=75","Leon International Logo","23","Root-Relative","//body/header/nav/div[1]/a/div/img","Navigation","HTML","","",""
"Image","https://leon-international.com/food-supply-chain-support/","https://leon-international.com/_next/image/?url=%2Fimages%2Flogo-transparent.png&w=3840&q=75","Leon International Logo","23","Root-Relative","//body/div[2]/div[2]/div[1]/a/div/img","Content","HTML","","",""
"Image","https://leon-international.com/food-supply-chain-support/","https://leon-international.com/_next/image/?url=%2Fimages%2Flogo-transparent.png&w=3840&q=75","Leon International Logo","23","Root-Relative","//body/footer/div/div[1]/div[1]/a/div/img","Footer","HTML","","",""
"Image","https://leon-international.com/mechanical-repair/","https://leon-international.com/_next/image/?url=%2Fimages%2Flogo-transparent.png&w=3840&q=75","Leon International Logo","23","Root-Relative","//body/header/nav/div[1]/a/div/img","Navigation","HTML","","",""
"Image","https://leon-international.com/mechanical-repair/","https://leon-international.com/_next/image/?url=%2Fimages%2Flogo-transparent.png&w=3840&q=75","Leon International Logo","23","Root-Relative","//body/div[2]/div[2]/div[1]/a/div/img","Content","HTML","","",""
"Image","https://leon-international.com/mechanical-repair/","https://leon-international.com/_next/image/?url=%2Fimages%2Flogo-transparent.png&w=3840&q=75","Leon International Logo","23","Root-Relative","//body/footer/div/div[1]/div[1]/a/div/img","Footer","HTML","","",""
"Image","https://leon-international.com/man-parts/","https://leon-international.com/_next/image/?url=%2Fimages%2Flogo-transparent.png&w=3840&q=75","Leon International Logo","23","Root-Relative","//body/header/nav/div[1]/a/div/img","Navigation","HTML","","",""
"Image","https://leon-international.com/man-parts/","https://leon-international.com/_next/image/?url=%2Fimages%2Flogo-transparent.png&w=3840&q=75","Leon International Logo","23","Root-Relative","//body/div[2]/div[2]/div[1]/a/div/img","Content","HTML","","",""
"Image","https://leon-international.com/man-parts/","https://leon-international.com/_next/image/?url=%2Fimages%2Flogo-transparent.png&w=3840&q=75","Leon International Logo","23","Root-Relative","//body/footer/div/div[1]/div[1]/a/div/img","Footer","HTML","","",""
"Image","https://leon-international.com/support/","https://leon-international.com/_next/image/?url=%2Fimages%2Flogo-transparent.png&w=3840&q=75","Leon International Logo","23","Root-Relative","//body/header/nav/div[1]/a/div/img","Navigation","HTML","","",""
"Image","https://leon-international.com/support/","https://leon-international.com/_next/image/?url=%2Fimages%2Flogo-transparent.png&w=3840&q=75","Leon International Logo","23","Root-Relative","//body/div[2]/div[2]/div[1]/a/div/img","Content","HTML","","",""
"Image","https://leon-international.com/support/","https://leon-international.com/_next/image/?url=%2Fimages%2Flogo-transparent.png&w=3840&q=75","Leon International Logo","23","Root-Relative","//body/footer/div/div[1]/div[1]/a/div/img","Footer","HTML","","",""
"Image","https://leon-international.com/electrical/","https://leon-international.com/_next/image/?url=%2Fimages%2Flogo-transparent.png&w=3840&q=75","Leon International Logo","23","Root-Relative","//body/header/nav/div[1]/a/div/img","Navigation","HTML","","",""
"Image","https://leon-international.com/electrical/","https://leon-international.com/_next/image/?url=%2Fimages%2Flogo-transparent.png&w=3840&q=75","Leon International Logo","23","Root-Relative","//body/div[2]/div[2]/div[1]/a/div/img","Content","HTML","","",""
"Image","https://leon-international.com/electrical/","https://leon-international.com/_next/image/?url=%2Fimages%2Flogo-transparent.png&w=3840&q=75","Leon International Logo","23","Root-Relative","//body/footer/div/div[1]/div[1]/a/div/img","Footer","HTML","","",""
"Image","https://leon-international.com/ultrasonic-gauging/","https://leon-international.com/_next/image/?url=%2Fimages%2Flogo-transparent.png&w=3840&q=75","Leon International Logo","23","Root-Relative","//body/header/nav/div[1]/a/div/img","Navigation","HTML","","",""
"Image","https://leon-international.com/ultrasonic-gauging/","https://leon-international.com/_next/image/?url=%2Fimages%2Flogo-transparent.png&w=3840&q=75","Leon International Logo","23","Root-Relative","//body/div[2]/div[2]/div[1]/a/div/img","Content","HTML","","",""
"Image","https://leon-international.com/ultrasonic-gauging/","https://leon-international.com/_next/image/?url=%2Fimages%2Flogo-transparent.png&w=3840&q=75","Leon International Logo","23","Root-Relative","//body/footer/div/div[1]/div[1]/a/div/img","Footer","HTML","","",""
"Image","https://leon-international.com/fabrication/","https://leon-international.com/_next/image/?url=%2Fimages%2Flogo-transparent.png&w=3840&q=75","Leon International Logo","23","Root-Relative","//body/header/nav/div[1]/a/div/img","Navigation","HTML","","",""
"Image","https://leon-international.com/fabrication/","https://leon-international.com/_next/image/?url=%2Fimages%2Flogo-transparent.png&w=3840&q=75","Leon International Logo","23","Root-Relative","//body/div[2]/div[2]/div[1]/a/div/img","Content","HTML","","",""
"Image","https://leon-international.com/fabrication/","https://leon-international.com/_next/image/?url=%2Fimages%2Flogo-transparent.png&w=3840&q=75","Leon International Logo","23","Root-Relative","//body/footer/div/div[1]/div[1]/a/div/img","Footer","HTML","","",""
"Image","https://leon-international.com/custom-parts-fabrication/","https://leon-international.com/_next/image/?url=%2Fimages%2Flogo-transparent.png&w=3840&q=75","Leon International Logo","23","Root-Relative","//body/header/nav/div[1]/a/div/img","Navigation","HTML","","",""
"Image","https://leon-international.com/custom-parts-fabrication/","https://leon-international.com/_next/image/?url=%2Fimages%2Flogo-transparent.png&w=3840&q=75","Leon International Logo","23","Root-Relative","//body/div[2]/div[2]/div[1]/a/div/img","Content","HTML","","",""
"Image","https://leon-international.com/custom-parts-fabrication/","https://leon-international.com/_next/image/?url=%2Fimages%2Flogo-transparent.png&w=3840&q=75","Leon International Logo","23","Root-Relative","//body/footer/div/div[1]/div[1]/a/div/img","Footer","HTML","","",""
"Image","https://leon-international.com/volvo-penta-parts/","https://leon-international.com/_next/image/?url=%2Fimages%2Flogo-transparent.png&w=3840&q=75","Leon International Logo","23","Root-Relative","//body/header/nav/div[1]/a/div/img","Navigation","HTML","","",""
"Image","https://leon-international.com/volvo-penta-parts/","https://leon-international.com/_next/image/?url=%2Fimages%2Flogo-transparent.png&w=3840&q=75","Leon International Logo","23","Root-Relative","//body/div[2]/div[2]/div[1]/a/div/img","Content","HTML","","",""
"Image","https://leon-international.com/volvo-penta-parts/","https://leon-international.com/_next/image/?url=%2Fimages%2Flogo-transparent.png&w=3840&q=75","Leon International Logo","23","Root-Relative","//body/footer/div/div[1]/div[1]/a/div/img","Footer","HTML","","",""
"Image","https://leon-international.com/deck-machinery-overhauling/","https://leon-international.com/_next/image/?url=%2Fimages%2Flogo-transparent.png&w=3840&q=75","Leon International Logo","23","Root-Relative","//body/header/nav/div[1]/a/div/img","Navigation","HTML","","",""
"Image","https://leon-international.com/deck-machinery-overhauling/","https://leon-international.com/_next/image/?url=%2Fimages%2Flogo-transparent.png&w=3840&q=75","Leon International Logo","23","Root-Relative","//body/div[2]/div[2]/div[1]/a/div/img","Content","HTML","","",""
"Image","https://leon-international.com/deck-machinery-overhauling/","https://leon-international.com/_next/image/?url=%2Fimages%2Flogo-transparent.png&w=3840&q=75","Leon International Logo","23","Root-Relative","//body/footer/div/div[1]/div[1]/a/div/img","Footer","HTML","","",""
"Image","https://leon-international.com/waukesha-parts/","https://leon-international.com/_next/image/?url=%2Fimages%2Flogo-transparent.png&w=3840&q=75","Leon International Logo","23","Root-Relative","//body/header/nav/div[1]/a/div/img","Navigation","HTML","","",""
"Image","https://leon-international.com/waukesha-parts/","https://leon-international.com/_next/image/?url=%2Fimages%2Flogo-transparent.png&w=3840&q=75","Leon International Logo","23","Root-Relative","//body/div[2]/div[2]/div[1]/a/div/img","Content","HTML","","",""
"Image","https://leon-international.com/waukesha-parts/","https://leon-international.com/_next/image/?url=%2Fimages%2Flogo-transparent.png&w=3840&q=75","Leon International Logo","23","Root-Relative","//body/footer/div/div[1]/div[1]/a/div/img","Footer","HTML","","",""
"Image","https://leon-international.com/protective-coatings/","https://leon-international.com/_next/image/?url=%2Fimages%2Flogo-transparent.png&w=3840&q=75","Leon International Logo","23","Root-Relative","//body/header/nav/div[1]/a/div/img","Navigation","HTML","","",""
"Image","https://leon-international.com/protective-coatings/","https://leon-international.com/_next/image/?url=%2Fimages%2Flogo-transparent.png&w=3840&q=75","Leon International Logo","23","Root-Relative","//body/div[2]/div[2]/div[1]/a/div/img","Content","HTML","","",""
"Image","https://leon-international.com/protective-coatings/","https://leon-international.com/_next/image/?url=%2Fimages%2Flogo-transparent.png&w=3840&q=75","Leon International Logo","23","Root-Relative","//body/footer/div/div[1]/div[1]/a/div/img","Footer","HTML","","",""
"Image","https://leon-international.com/engine-parts/","https://leon-international.com/_next/image/?url=%2Fimages%2Flogo-transparent.png&w=3840&q=75","Leon International Logo","23","Root-Relative","//body/header/nav/div[1]/a/div/img","Navigation","HTML","","",""
"Image","https://leon-international.com/engine-parts/","https://leon-international.com/_next/image/?url=%2Fimages%2Flogo-transparent.png&w=3840&q=75","Leon International Logo","23","Root-Relative","//body/div[2]/div[2]/div[1]/a/div/img","Content","HTML","","",""
"Image","https://leon-international.com/engine-parts/","https://leon-international.com/_next/image/?url=%2Fimages%2Flogo-transparent.png&w=3840&q=75","Leon International Logo","23","Root-Relative","//body/footer/div/div[1]/div[1]/a/div/img","Footer","HTML","","",""
"Image","https://leon-international.com/spare-parts-supply/","https://leon-international.com/_next/image/?url=%2Fimages%2Flogo-transparent.png&w=3840&q=75","Leon International Logo","23","Root-Relative","//body/header/nav/div[1]/a/div/img","Navigation","HTML","","",""
"Image","https://leon-international.com/spare-parts-supply/","https://leon-international.com/_next/image/?url=%2Fimages%2Flogo-transparent.png&w=3840&q=75","Leon International Logo","23","Root-Relative","//body/div[2]/div[2]/div[1]/a/div/img","Content","HTML","","",""
"Image","https://leon-international.com/spare-parts-supply/","https://leon-international.com/_next/image/?url=%2Fimages%2Flogo-transparent.png&w=3840&q=75","Leon International Logo","23","Root-Relative","//body/footer/div/div[1]/div[1]/a/div/img","Footer","HTML","","",""
"Image","https://leon-international.com/petroleum-equipment/","https://leon-international.com/_next/image/?url=%2Fimages%2Flogo-transparent.png&w=3840&q=75","Leon International Logo","23","Root-Relative","//body/header/nav/div[1]/a/div/img","Navigation","HTML","","",""
"Image","https://leon-international.com/petroleum-equipment/","https://leon-international.com/_next/image/?url=%2Fimages%2Flogo-transparent.png&w=3840&q=75","Leon International Logo","23","Root-Relative","//body/div[2]/div[2]/div[1]/a/div/img","Content","HTML","","",""
"Image","https://leon-international.com/petroleum-equipment/","https://leon-international.com/_next/image/?url=%2Fimages%2Flogo-transparent.png&w=3840&q=75","Leon International Logo","23","Root-Relative","//body/footer/div/div[1]/div[1]/a/div/img","Footer","HTML","","",""
"Image","https://leon-international.com/ship-repair/","https://leon-international.com/_next/image/?url=%2Fimages%2Flogo-transparent.png&w=3840&q=75","Leon International Logo","23","Root-Relative","//body/header/nav/div[1]/a/div/img","Navigation","HTML","","",""
"Image","https://leon-international.com/ship-repair/","https://leon-international.com/_next/image/?url=%2Fimages%2Flogo-transparent.png&w=3840&q=75","Leon International Logo","23","Root-Relative","//body/div[2]/div[2]/div[1]/a/div/img","Content","HTML","","",""
"Image","https://leon-international.com/ship-repair/","https://leon-international.com/_next/image/?url=%2Fimages%2Flogo-transparent.png&w=3840&q=75","Leon International Logo","23","Root-Relative","//body/footer/div/div[1]/div[1]/a/div/img","Footer","HTML","","",""
"Image","https://leon-international.com/hvac/","https://leon-international.com/_next/image/?url=%2Fimages%2Flogo-transparent.png&w=3840&q=75","Leon International Logo","23","Root-Relative","//body/header/nav/div[1]/a/div/img","Navigation","HTML","","",""
"Image","https://leon-international.com/hvac/","https://leon-international.com/_next/image/?url=%2Fimages%2Flogo-transparent.png&w=3840&q=75","Leon International Logo","23","Root-Relative","//body/div[2]/div[2]/div[1]/a/div/img","Content","HTML","","",""
"Image","https://leon-international.com/hvac/","https://leon-international.com/_next/image/?url=%2Fimages%2Flogo-transparent.png&w=3840&q=75","Leon International Logo","23","Root-Relative","//body/footer/div/div[1]/div[1]/a/div/img","Footer","HTML","","",""
"Image","https://leon-international.com/main-engine-spares/","https://leon-international.com/_next/image/?url=%2Fimages%2Flogo-transparent.png&w=3840&q=75","Leon International Logo","23","Root-Relative","//body/header/nav/div[1]/a/div/img","Navigation","HTML","","",""
"Image","https://leon-international.com/main-engine-spares/","https://leon-international.com/_next/image/?url=%2Fimages%2Flogo-transparent.png&w=3840&q=75","Leon International Logo","23","Root-Relative","//body/div[2]/div[2]/div[1]/a/div/img","Content","HTML","","",""
"Image","https://leon-international.com/main-engine-spares/","https://leon-international.com/_next/image/?url=%2Fimages%2Flogo-transparent.png&w=3840&q=75","Leon International Logo","23","Root-Relative","//body/footer/div/div[1]/div[1]/a/div/img","Footer","HTML","","",""
"Image","https://leon-international.com/steel-structure-fabrication/","https://leon-international.com/_next/image/?url=%2Fimages%2Flogo-transparent.png&w=3840&q=75","Leon International Logo","23","Root-Relative","//body/header/nav/div[1]/a/div/img","Navigation","HTML","","",""
"Image","https://leon-international.com/steel-structure-fabrication/","https://leon-international.com/_next/image/?url=%2Fimages%2Flogo-transparent.png&w=3840&q=75","Leon International Logo","23","Root-Relative","//body/div[2]/div[2]/div[1]/a/div/img","Content","HTML","","",""
"Image","https://leon-international.com/steel-structure-fabrication/","https://leon-international.com/_next/image/?url=%2Fimages%2Flogo-transparent.png&w=3840&q=75","Leon International Logo","23","Root-Relative","//body/footer/div/div[1]/div[1]/a/div/img","Footer","HTML","","",""
"Image","https://leon-international.com/motor-rewinding/","https://leon-international.com/_next/image/?url=%2Fimages%2Flogo-transparent.png&w=3840&q=75","Leon International Logo","23","Root-Relative","//body/header/nav/div[1]/a/div/img","Navigation","HTML","","",""
"Image","https://leon-international.com/motor-rewinding/","https://leon-international.com/_next/image/?url=%2Fimages%2Flogo-transparent.png&w=3840&q=75","Leon International Logo","23","Root-Relative","//body/div[2]/div[2]/div[1]/a/div/img","Content","HTML","","",""
"Image","https://leon-international.com/motor-rewinding/","https://leon-international.com/_next/image/?url=%2Fimages%2Flogo-transparent.png&w=3840&q=75","Leon International Logo","23","Root-Relative","//body/footer/div/div[1]/div[1]/a/div/img","Footer","HTML","","",""
"Image","https://leon-international.com/explosion-proof/","https://leon-international.com/_next/image/?url=%2Fimages%2Flogo-transparent.png&w=3840&q=75","Leon International Logo","23","Root-Relative","//body/header/nav/div[1]/a/div/img","Navigation","HTML","","",""
"Image","https://leon-international.com/explosion-proof/","https://leon-international.com/_next/image/?url=%2Fimages%2Flogo-transparent.png&w=3840&q=75","Leon International Logo","23","Root-Relative","//body/div[2]/div[2]/div[1]/a/div/img","Content","HTML","","",""
"Image","https://leon-international.com/explosion-proof/","https://leon-international.com/_next/image/?url=%2Fimages%2Flogo-transparent.png&w=3840&q=75","Leon International Logo","23","Root-Relative","//body/footer/div/div[1]/div[1]/a/div/img","Footer","HTML","","",""
"Image","https://leon-international.com/pcb-card-repair/","https://leon-international.com/_next/image/?url=%2Fimages%2Flogo-transparent.png&w=3840&q=75","Leon International Logo","23","Root-Relative","//body/header/nav/div[1]/a/div/img","Navigation","HTML","","",""
"Image","https://leon-international.com/pcb-card-repair/","https://leon-international.com/_next/image/?url=%2Fimages%2Flogo-transparent.png&w=3840&q=75","Leon International Logo","23","Root-Relative","//body/div[2]/div[2]/div[1]/a/div/img","Content","HTML","","",""
"Image","https://leon-international.com/pcb-card-repair/","https://leon-international.com/_next/image/?url=%2Fimages%2Flogo-transparent.png&w=3840&q=75","Leon International Logo","23","Root-Relative","//body/footer/div/div[1]/div[1]/a/div/img","Footer","HTML","","",""
"Image","https://leon-international.com/products/","https://leon-international.com/_next/image/?url=%2Fimages%2Flogo-transparent.png&w=3840&q=75","Leon International Logo","23","Root-Relative","//body/header/nav/div[1]/a/div/img","Navigation","HTML","","",""
"Image","https://leon-international.com/products/","https://leon-international.com/_next/image/?url=%2Fimages%2Flogo-transparent.png&w=3840&q=75","Leon International Logo","23","Root-Relative","//body/div[2]/div[2]/div[1]/a/div/img","Content","HTML","","",""
"Image","https://leon-international.com/products/","https://leon-international.com/_next/image/?url=%2Fimages%2Flogo-transparent.png&w=3840&q=75","Leon International Logo","23","Root-Relative","//body/footer/div/div[1]/div[1]/a/div/img","Footer","HTML","","",""
"Image","https://leon-international.com/ac-plant-repair/","https://leon-international.com/_next/image/?url=%2Fimages%2Flogo-transparent.png&w=3840&q=75","Leon International Logo","23","Root-Relative","//body/header/nav/div[1]/a/div/img","Navigation","HTML","","",""
"Image","https://leon-international.com/ac-plant-repair/","https://leon-international.com/_next/image/?url=%2Fimages%2Flogo-transparent.png&w=3840&q=75","Leon International Logo","23","Root-Relative","//body/div[2]/div[2]/div[1]/a/div/img","Content","HTML","","",""
"Image","https://leon-international.com/ac-plant-repair/","https://leon-international.com/_next/image/?url=%2Fimages%2Flogo-transparent.png&w=3840&q=75","Leon International Logo","23","Root-Relative","//body/footer/div/div[1]/div[1]/a/div/img","Footer","HTML","","",""
"Image","https://leon-international.com/perkins-parts/","https://leon-international.com/_next/image/?url=%2Fimages%2Flogo-transparent.png&w=3840&q=75","Leon International Logo","23","Root-Relative","//body/header/nav/div[1]/a/div/img","Navigation","HTML","","",""
"Image","https://leon-international.com/perkins-parts/","https://leon-international.com/_next/image/?url=%2Fimages%2Flogo-transparent.png&w=3840&q=75","Leon International Logo","23","Root-Relative","//body/div[2]/div[2]/div[1]/a/div/img","Content","HTML","","",""
"Image","https://leon-international.com/perkins-parts/","https://leon-international.com/_next/image/?url=%2Fimages%2Flogo-transparent.png&w=3840&q=75","Leon International Logo","23","Root-Relative","//body/footer/div/div[1]/div[1]/a/div/img","Footer","HTML","","",""
"Image","https://leon-international.com/hydraulic-pump-overhauling/","https://leon-international.com/_next/image/?url=%2Fimages%2Flogo-transparent.png&w=3840&q=75","Leon International Logo","23","Root-Relative","//body/header/nav/div[1]/a/div/img","Navigation","HTML","","",""
"Image","https://leon-international.com/hydraulic-pump-overhauling/","https://leon-international.com/_next/image/?url=%2Fimages%2Flogo-transparent.png&w=3840&q=75","Leon International Logo","23","Root-Relative","//body/div[2]/div[2]/div[1]/a/div/img","Content","HTML","","",""
"Image","https://leon-international.com/hydraulic-pump-overhauling/","https://leon-international.com/_next/image/?url=%2Fimages%2Flogo-transparent.png&w=3840&q=75","Leon International Logo","23","Root-Relative","//body/footer/div/div[1]/div[1]/a/div/img","Footer","HTML","","",""
"Image","https://leon-international.com/diesel-generators/","https://leon-international.com/_next/image/?url=%2Fimages%2Flogo-transparent.png&w=3840&q=75","Leon International Logo","23","Root-Relative","//body/header/nav/div[1]/a/div/img","Navigation","HTML","","",""
"Image","https://leon-international.com/diesel-generators/","https://leon-international.com/_next/image/?url=%2Fimages%2Flogo-transparent.png&w=3840&q=75","Leon International Logo","23","Root-Relative","//body/div[2]/div[2]/div[1]/a/div/img","Content","HTML","","",""
"Image","https://leon-international.com/diesel-generators/","https://leon-international.com/_next/image/?url=%2Fimages%2Flogo-transparent.png&w=3840&q=75","Leon International Logo","23","Root-Relative","//body/footer/div/div[1]/div[1]/a/div/img","Footer","HTML","","",""
"Image","https://leon-international.com/dry-docking-slts/","https://leon-international.com/_next/image/?url=%2Fimages%2Flogo-transparent.png&w=3840&q=75","Leon International Logo","23","Root-Relative","//body/header/nav/div[1]/a/div/img","Navigation","HTML","","",""
"Image","https://leon-international.com/dry-docking-slts/","https://leon-international.com/_next/image/?url=%2Fimages%2Flogo-transparent.png&w=3840&q=75","Leon International Logo","23","Root-Relative","//body/div[2]/div[2]/div[1]/a/div/img","Content","HTML","","",""
"Image","https://leon-international.com/dry-docking-slts/","https://leon-international.com/_next/image/?url=%2Fimages%2Flogo-transparent.png&w=3840&q=75","Leon International Logo","23","Root-Relative","//body/footer/div/div[1]/div[1]/a/div/img","Footer","HTML","","",""
"Image","https://leon-international.com/caterpillar-parts/","https://leon-international.com/_next/image/?url=%2Fimages%2Flogo-transparent.png&w=3840&q=75","Leon International Logo","23","Root-Relative","//body/header/nav/div[1]/a/div/img","Navigation","HTML","","",""
"Image","https://leon-international.com/caterpillar-parts/","https://leon-international.com/_next/image/?url=%2Fimages%2Flogo-transparent.png&w=3840&q=75","Leon International Logo","23","Root-Relative","//body/div[2]/div[2]/div[1]/a/div/img","Content","HTML","","",""
"Image","https://leon-international.com/caterpillar-parts/","https://leon-international.com/_next/image/?url=%2Fimages%2Flogo-transparent.png&w=3840&q=75","Leon International Logo","23","Root-Relative","//body/footer/div/div[1]/div[1]/a/div/img","Footer","HTML","","",""
"Image","https://leon-international.com/electrical-equipment/","https://leon-international.com/_next/image/?url=%2Fimages%2Flogo-transparent.png&w=3840&q=75","Leon International Logo","23","Root-Relative","//body/header/nav/div[1]/a/div/img","Navigation","HTML","","",""
"Image","https://leon-international.com/electrical-equipment/","https://leon-international.com/_next/image/?url=%2Fimages%2Flogo-transparent.png&w=3840&q=75","Leon International Logo","23","Root-Relative","//body/div[2]/div[2]/div[1]/a/div/img","Content","HTML","","",""
"Image","https://leon-international.com/electrical-equipment/","https://leon-international.com/_next/image/?url=%2Fimages%2Flogo-transparent.png&w=3840&q=75","Leon International Logo","23","Root-Relative","//body/footer/div/div[1]/div[1]/a/div/img","Footer","HTML","","",""
"Image","https://leon-international.com/main-engine-generator-repair/","https://leon-international.com/_next/image/?url=%2Fimages%2Flogo-transparent.png&w=3840&q=75","Leon International Logo","23","Root-Relative","//body/header/nav/div[1]/a/div/img","Navigation","HTML","","",""
"Image","https://leon-international.com/main-engine-generator-repair/","https://leon-international.com/_next/image/?url=%2Fimages%2Flogo-transparent.png&w=3840&q=75","Leon International Logo","23","Root-Relative","//body/div[2]/div[2]/div[1]/a/div/img","Content","HTML","","",""
"Image","https://leon-international.com/main-engine-generator-repair/","https://leon-international.com/_next/image/?url=%2Fimages%2Flogo-transparent.png&w=3840&q=75","Leon International Logo","23","Root-Relative","//body/footer/div/div[1]/div[1]/a/div/img","Footer","HTML","","",""
"Image","https://leon-international.com/ultrasonic-flaw-detection/","https://leon-international.com/_next/image/?url=%2Fimages%2Flogo-transparent.png&w=3840&q=75","Leon International Logo","23","Root-Relative","//body/header/nav/div[1]/a/div/img","Navigation","HTML","","",""
"Image","https://leon-international.com/ultrasonic-flaw-detection/","https://leon-international.com/_next/image/?url=%2Fimages%2Flogo-transparent.png&w=3840&q=75","Leon International Logo","23","Root-Relative","//body/div[2]/div[2]/div[1]/a/div/img","Content","HTML","","",""
"Image","https://leon-international.com/ultrasonic-flaw-detection/","https://leon-international.com/_next/image/?url=%2Fimages%2Flogo-transparent.png&w=3840&q=75","Leon International Logo","23","Root-Relative","//body/footer/div/div[1]/div[1]/a/div/img","Footer","HTML","","",""
"Image","https://leon-international.com/hatch-cover-testing/","https://leon-international.com/_next/image/?url=%2Fimages%2Flogo-transparent.png&w=3840&q=75","Leon International Logo","23","Root-Relative","//body/header/nav/div[1]/a/div/img","Navigation","HTML","","",""
"Image","https://leon-international.com/hatch-cover-testing/","https://leon-international.com/_next/image/?url=%2Fimages%2Flogo-transparent.png&w=3840&q=75","Leon International Logo","23","Root-Relative","//body/div[2]/div[2]/div[1]/a/div/img","Content","HTML","","",""
"Image","https://leon-international.com/hatch-cover-testing/","https://leon-international.com/_next/image/?url=%2Fimages%2Flogo-transparent.png&w=3840&q=75","Leon International Logo","23","Root-Relative","//body/footer/div/div[1]/div[1]/a/div/img","Footer","HTML","","",""
"Image","https://leon-international.com/major-ship-repair/","https://leon-international.com/_next/image/?url=%2Fimages%2Flogo-transparent.png&w=3840&q=75","Leon International Logo","23","Root-Relative","//body/header/nav/div[1]/a/div/img","Navigation","HTML","","",""
"Image","https://leon-international.com/major-ship-repair/","https://leon-international.com/_next/image/?url=%2Fimages%2Flogo-transparent.png&w=3840&q=75","Leon International Logo","23","Root-Relative","//body/div[2]/div[2]/div[1]/a/div/img","Content","HTML","","",""
"Image","https://leon-international.com/major-ship-repair/","https://leon-international.com/_next/image/?url=%2Fimages%2Flogo-transparent.png&w=3840&q=75","Leon International Logo","23","Root-Relative","//body/footer/div/div[1]/div[1]/a/div/img","Footer","HTML","","",""
"Image","https://leon-international.com/deutz-parts/","https://leon-international.com/_next/image/?url=%2Fimages%2Flogo-transparent.png&w=3840&q=75","Leon International Logo","23","Root-Relative","//body/header/nav/div[1]/a/div/img","Navigation","HTML","","",""
"Image","https://leon-international.com/deutz-parts/","https://leon-international.com/_next/image/?url=%2Fimages%2Flogo-transparent.png&w=3840&q=75","Leon International Logo","23","Root-Relative","//body/div[2]/div[2]/div[1]/a/div/img","Content","HTML","","",""
"Image","https://leon-international.com/deutz-parts/","https://leon-international.com/_next/image/?url=%2Fimages%2Flogo-transparent.png&w=3840&q=75","Leon International Logo","23","Root-Relative","//body/footer/div/div[1]/div[1]/a/div/img","Footer","HTML","","",""
"Image","https://leon-international.com/dye-penetrant-testing/","https://leon-international.com/_next/image/?url=%2Fimages%2Flogo-transparent.png&w=3840&q=75","Leon International Logo","23","Root-Relative","//body/header/nav/div[1]/a/div/img","Navigation","HTML","","",""
"Image","https://leon-international.com/dye-penetrant-testing/","https://leon-international.com/_next/image/?url=%2Fimages%2Flogo-transparent.png&w=3840&q=75","Leon International Logo","23","Root-Relative","//body/div[2]/div[2]/div[1]/a/div/img","Content","HTML","","",""
"Image","https://leon-international.com/dye-penetrant-testing/","https://leon-international.com/_next/image/?url=%2Fimages%2Flogo-transparent.png&w=3840&q=75","Leon International Logo","23","Root-Relative","//body/footer/div/div[1]/div[1]/a/div/img","Footer","HTML","","",""
"Image","https://leon-international.com/ndt-inspection/","https://leon-international.com/_next/image/?url=%2Fimages%2Flogo-transparent.png&w=3840&q=75","Leon International Logo","23","Root-Relative","//body/header/nav/div[1]/a/div/img","Navigation","HTML","","",""
"Image","https://leon-international.com/ndt-inspection/","https://leon-international.com/_next/image/?url=%2Fimages%2Flogo-transparent.png&w=3840&q=75","Leon International Logo","23","Root-Relative","//body/div[2]/div[2]/div[1]/a/div/img","Content","HTML","","",""
"Image","https://leon-international.com/ndt-inspection/","https://leon-international.com/_next/image/?url=%2Fimages%2Flogo-transparent.png&w=3840&q=75","Leon International Logo","23","Root-Relative","//body/footer/div/div[1]/div[1]/a/div/img","Footer","HTML","","",""
"Image","https://leon-international.com/crane-inspection/","https://leon-international.com/_next/image/?url=%2Fimages%2Flogo-transparent.png&w=3840&q=75","Leon International Logo","23","Root-Relative","//body/header/nav/div[1]/a/div/img","Navigation","HTML","","",""
"Image","https://leon-international.com/crane-inspection/","https://leon-international.com/_next/image/?url=%2Fimages%2Flogo-transparent.png&w=3840&q=75","Leon International Logo","23","Root-Relative","//body/div[2]/div[2]/div[1]/a/div/img","Content","HTML","","",""
"Image","https://leon-international.com/crane-inspection/","https://leon-international.com/_next/image/?url=%2Fimages%2Flogo-transparent.png&w=3840&q=75","Leon International Logo","23","Root-Relative","//body/footer/div/div[1]/div[1]/a/div/img","Footer","HTML","","",""
"Image","https://leon-international.com/purifiers/","https://leon-international.com/_next/image/?url=%2Fimages%2Flogo-transparent.png&w=3840&q=75","Leon International Logo","23","Root-Relative","//body/header/nav/div[1]/a/div/img","Navigation","HTML","","",""
"Image","https://leon-international.com/purifiers/","https://leon-international.com/_next/image/?url=%2Fimages%2Flogo-transparent.png&w=3840&q=75","Leon International Logo","23","Root-Relative","//body/div[2]/div[2]/div[1]/a/div/img","Content","HTML","","",""
"Image","https://leon-international.com/purifiers/","https://leon-international.com/_next/image/?url=%2Fimages%2Flogo-transparent.png&w=3840&q=75","Leon International Logo","23","Root-Relative","//body/footer/div/div[1]/div[1]/a/div/img","Footer","HTML","","",""
"Image","https://leon-international.com/welding-services/","https://leon-international.com/_next/image/?url=%2Fimages%2Flogo-transparent.png&w=3840&q=75","Leon International Logo","23","Root-Relative","//body/header/nav/div[1]/a/div/img","Navigation","HTML","","",""
"Image","https://leon-international.com/welding-services/","https://leon-international.com/_next/image/?url=%2Fimages%2Flogo-transparent.png&w=3840&q=75","Leon International Logo","23","Root-Relative","//body/div[2]/div[2]/div[1]/a/div/img","Content","HTML","","",""
"Image","https://leon-international.com/welding-services/","https://leon-international.com/_next/image/?url=%2Fimages%2Flogo-transparent.png&w=3840&q=75","Leon International Logo","23","Root-Relative","//body/footer/div/div[1]/div[1]/a/div/img","Footer","HTML","","",""
"Image","https://leon-international.com/gyro-compass-overhauling/","https://leon-international.com/_next/image/?url=%2Fimages%2Flogo-transparent.png&w=3840&q=75","Leon International Logo","23","Root-Relative","//body/header/nav/div[1]/a/div/img","Navigation","HTML","","",""
"Image","https://leon-international.com/gyro-compass-overhauling/","https://leon-international.com/_next/image/?url=%2Fimages%2Flogo-transparent.png&w=3840&q=75","Leon International Logo","23","Root-Relative","//body/div[2]/div[2]/div[1]/a/div/img","Content","HTML","","",""
"Image","https://leon-international.com/gyro-compass-overhauling/","https://leon-international.com/_next/image/?url=%2Fimages%2Flogo-transparent.png&w=3840&q=75","Leon International Logo","23","Root-Relative","//body/footer/div/div[1]/div[1]/a/div/img","Footer","HTML","","",""
"Image","https://leon-international.com/sandblasting/","https://leon-international.com/_next/image/?url=%2Fimages%2Flogo-transparent.png&w=3840&q=75","Leon International Logo","23","Root-Relative","//body/header/nav/div[1]/a/div/img","Navigation","HTML","","",""
"Image","https://leon-international.com/sandblasting/","https://leon-international.com/_next/image/?url=%2Fimages%2Flogo-transparent.png&w=3840&q=75","Leon International Logo","23","Root-Relative","//body/div[2]/div[2]/div[1]/a/div/img","Content","HTML","","",""
"Image","https://leon-international.com/sandblasting/","https://leon-international.com/_next/image/?url=%2Fimages%2Flogo-transparent.png&w=3840&q=75","Leon International Logo","23","Root-Relative","//body/footer/div/div[1]/div[1]/a/div/img","Footer","HTML","","",""
"Image","https://leon-international.com/support/technical-guides/","https://leon-international.com/_next/image/?url=%2Fimages%2Flogo-transparent.png&w=3840&q=75","Leon International Logo","23","Root-Relative","//body/header/nav/div[1]/a/div/img","Navigation","HTML","","",""
"Image","https://leon-international.com/support/technical-guides/","https://leon-international.com/_next/image/?url=%2Fimages%2Flogo-transparent.png&w=3840&q=75","Leon International Logo","23","Root-Relative","//body/div[2]/div[2]/div[1]/a/div/img","Content","HTML","","",""
"Image","https://leon-international.com/support/technical-guides/","https://leon-international.com/_next/image/?url=%2Fimages%2Flogo-transparent.png&w=3840&q=75","Leon International Logo","23","Root-Relative","//body/footer/div/div[1]/div[1]/a/div/img","Footer","HTML","","",""
"Image","https://leon-international.com/navigation-systems/","https://leon-international.com/_next/image/?url=%2Fimages%2Flogo-transparent.png&w=3840&q=75","Leon International Logo","23","Root-Relative","//body/header/nav/div[1]/a/div/img","Navigation","HTML","","",""
"Image","https://leon-international.com/navigation-systems/","https://leon-international.com/_next/image/?url=%2Fimages%2Flogo-transparent.png&w=3840&q=75","Leon International Logo","23","Root-Relative","//body/div[2]/div[2]/div[1]/a/div/img","Content","HTML","","",""
"Image","https://leon-international.com/navigation-systems/","https://leon-international.com/_next/image/?url=%2Fimages%2Flogo-transparent.png&w=3840&q=75","Leon International Logo","23","Root-Relative","//body/footer/div/div[1]/div[1]/a/div/img","Footer","HTML","","",""
"Image","https://leon-international.com/magnetic-particle-inspection/","https://leon-international.com/_next/image/?url=%2Fimages%2Flogo-transparent.png&w=3840&q=75","Leon International Logo","23","Root-Relative","//body/header/nav/div[1]/a/div/img","Navigation","HTML","","",""
"Image","https://leon-international.com/magnetic-particle-inspection/","https://leon-international.com/_next/image/?url=%2Fimages%2Flogo-transparent.png&w=3840&q=75","Leon International Logo","23","Root-Relative","//body/div[2]/div[2]/div[1]/a/div/img","Content","HTML","","",""
"Image","https://leon-international.com/magnetic-particle-inspection/","https://leon-international.com/_next/image/?url=%2Fimages%2Flogo-transparent.png&w=3840&q=75","Leon International Logo","23","Root-Relative","//body/footer/div/div[1]/div[1]/a/div/img","Footer","HTML","","",""
"Image","https://leon-international.com/chemical-supplies/","https://leon-international.com/_next/image/?url=%2Fimages%2Flogo-transparent.png&w=3840&q=75","Leon International Logo","23","Root-Relative","//body/header/nav/div[1]/a/div/img","Navigation","HTML","","",""
"Image","https://leon-international.com/chemical-supplies/","https://leon-international.com/_next/image/?url=%2Fimages%2Flogo-transparent.png&w=3840&q=75","Leon International Logo","23","Root-Relative","//body/div[2]/div[2]/div[1]/a/div/img","Content","HTML","","",""
"Image","https://leon-international.com/chemical-supplies/","https://leon-international.com/_next/image/?url=%2Fimages%2Flogo-transparent.png&w=3840&q=75","Leon International Logo","23","Root-Relative","//body/footer/div/div[1]/div[1]/a/div/img","Footer","HTML","","",""
"Image","https://leon-international.com/projects/","https://leon-international.com/_next/image/?url=%2Fimages%2Flogo-transparent.png&w=3840&q=75","Leon International Logo","23","Root-Relative","//body/header/nav/div[1]/a/div/img","Navigation","HTML","","",""
"Image","https://leon-international.com/projects/","https://leon-international.com/_next/image/?url=%2Fimages%2Flogo-transparent.png&w=3840&q=75","Leon International Logo","23","Root-Relative","//body/div[2]/div[2]/div[1]/a/div/img","Content","HTML","","",""
"Image","https://leon-international.com/projects/","https://leon-international.com/_next/image/?url=%2Fimages%2Flogo-transparent.png&w=3840&q=75","Leon International Logo","23","Root-Relative","//body/footer/div/div[1]/div[1]/a/div/img","Footer","HTML","","",""
"Image","https://leon-international.com/cummins-parts/","https://leon-international.com/_next/image/?url=%2Fimages%2Flogo-transparent.png&w=3840&q=75","Leon International Logo","23","Root-Relative","//body/header/nav/div[1]/a/div/img","Navigation","HTML","","",""
"Image","https://leon-international.com/cummins-parts/","https://leon-international.com/_next/image/?url=%2Fimages%2Flogo-transparent.png&w=3840&q=75","Leon International Logo","23","Root-Relative","//body/div[2]/div[2]/div[1]/a/div/img","Content","HTML","","",""
"Image","https://leon-international.com/cummins-parts/","https://leon-international.com/_next/image/?url=%2Fimages%2Flogo-transparent.png&w=3840&q=75","Leon International Logo","23","Root-Relative","//body/footer/div/div[1]/div[1]/a/div/img","Footer","HTML","","",""
"Image","https://leon-international.com/about/","https://leon-international.com/_next/image/?url=%2Fimages%2Flogo-transparent.png&w=3840&q=75","Leon International Logo","23","Root-Relative","//body/header/nav/div[1]/a/div/img","Navigation","HTML","","",""
"Image","https://leon-international.com/about/","https://leon-international.com/_next/image/?url=%2Fimages%2Flogo-transparent.png&w=3840&q=75","Leon International Logo","23","Root-Relative","//body/div[2]/div[2]/div[1]/a/div/img","Content","HTML","","",""
"Image","https://leon-international.com/about/","https://leon-international.com/_next/image/?url=%2Fimages%2Flogo-transparent.png&w=3840&q=75","Leon International Logo","23","Root-Relative","//body/footer/div/div[1]/div[1]/a/div/img","Footer","HTML","","",""
"Image","https://leon-international.com/air-compressors/","https://leon-international.com/_next/image/?url=%2Fimages%2Flogo-transparent.png&w=3840&q=75","Leon International Logo","23","Root-Relative","//body/header/nav/div[1]/a/div/img","Navigation","HTML","","",""
"Image","https://leon-international.com/air-compressors/","https://leon-international.com/_next/image/?url=%2Fimages%2Flogo-transparent.png&w=3840&q=75","Leon International Logo","23","Root-Relative","//body/div[2]/div[2]/div[1]/a/div/img","Content","HTML","","",""
"Image","https://leon-international.com/air-compressors/","https://leon-international.com/_next/image/?url=%2Fimages%2Flogo-transparent.png&w=3840&q=75","Leon International Logo","23","Root-Relative","//body/footer/div/div[1]/div[1]/a/div/img","Footer","HTML","","",""
"Image","https://leon-international.com/contact/","https://leon-international.com/_next/image/?url=%2Fimages%2Flogo-transparent.png&w=3840&q=75","Leon International Logo","23","Root-Relative","//body/header/nav/div[1]/a/div/img","Navigation","HTML","","",""
"Image","https://leon-international.com/contact/","https://leon-international.com/_next/image/?url=%2Fimages%2Flogo-transparent.png&w=3840&q=75","Leon International Logo","23","Root-Relative","//body/div[2]/div[2]/div[1]/a/div/img","Content","HTML","","",""
"Image","https://leon-international.com/contact/","https://leon-international.com/_next/image/?url=%2Fimages%2Flogo-transparent.png&w=3840&q=75","Leon International Logo","23","Root-Relative","//body/footer/div/div[1]/div[1]/a/div/img","Footer","HTML","","",""
"Image","https://leon-international.com/hardness-testing/","https://leon-international.com/_next/image/?url=%2Fimages%2Flogo-transparent.png&w=3840&q=75","Leon International Logo","23","Root-Relative","//body/header/nav/div[1]/a/div/img","Navigation","HTML","","",""
"Image","https://leon-international.com/hardness-testing/","https://leon-international.com/_next/image/?url=%2Fimages%2Flogo-transparent.png&w=3840&q=75","Leon International Logo","23","Root-Relative","//body/div[2]/div[2]/div[1]/a/div/img","Content","HTML","","",""
"Image","https://leon-international.com/hardness-testing/","https://leon-international.com/_next/image/?url=%2Fimages%2Flogo-transparent.png&w=3840&q=75","Leon International Logo","23","Root-Relative","//body/footer/div/div[1]/div[1]/a/div/img","Footer","HTML","","",""
"Image","https://leon-international.com/mwm-parts/","https://leon-international.com/_next/image/?url=%2Fimages%2Flogo-transparent.png&w=3840&q=75","Leon International Logo","23","Root-Relative","//body/header/nav/div[1]/a/div/img","Navigation","HTML","","",""
"Image","https://leon-international.com/mwm-parts/","https://leon-international.com/_next/image/?url=%2Fimages%2Flogo-transparent.png&w=3840&q=75","Leon International Logo","23","Root-Relative","//body/div[2]/div[2]/div[1]/a/div/img","Content","HTML","","",""
"Image","https://leon-international.com/mwm-parts/","https://leon-international.com/_next/image/?url=%2Fimages%2Flogo-transparent.png&w=3840&q=75","Leon International Logo","23","Root-Relative","//body/footer/div/div[1]/div[1]/a/div/img","Footer","HTML","","",""
"Image","https://leon-international.com/auxiliary-engines/","https://leon-international.com/_next/image/?url=%2Fimages%2Flogo-transparent.png&w=3840&q=75","Leon International Logo","23","Root-Relative","//body/header/nav/div[1]/a/div/img","Navigation","HTML","","",""
"Image","https://leon-international.com/auxiliary-engines/","https://leon-international.com/_next/image/?url=%2Fimages%2Flogo-transparent.png&w=3840&q=75","Leon International Logo","23","Root-Relative","//body/div[2]/div[2]/div[1]/a/div/img","Content","HTML","","",""
"Image","https://leon-international.com/auxiliary-engines/","https://leon-international.com/_next/image/?url=%2Fimages%2Flogo-transparent.png&w=3840&q=75","Leon International Logo","23","Root-Relative","//body/footer/div/div[1]/div[1]/a/div/img","Footer","HTML","","",""
"Image","https://leon-international.com/terms-conditions/","https://leon-international.com/_next/image/?url=%2Fimages%2Flogo-transparent.png&w=3840&q=75","Leon International Logo","23","Root-Relative","//body/header/nav/div[1]/a/div/img","Navigation","HTML","","",""
"Image","https://leon-international.com/terms-conditions/","https://leon-international.com/_next/image/?url=%2Fimages%2Flogo-transparent.png&w=3840&q=75","Leon International Logo","23","Root-Relative","//body/div[2]/div[2]/div[1]/a/div/img","Content","HTML","","",""
"Image","https://leon-international.com/terms-conditions/","https://leon-international.com/_next/image/?url=%2Fimages%2Flogo-transparent.png&w=3840&q=75","Leon International Logo","23","Root-Relative","//body/footer/div/div[1]/div[1]/a/div/img","Footer","HTML","","",""
"Image","https://leon-international.com/blog/","https://leon-international.com/_next/image/?url=%2Fimages%2Flogo-transparent.png&w=3840&q=75","Leon International Logo","23","Root-Relative","//body/header/nav/div[1]/a/div/img","Navigation","HTML","","",""
"Image","https://leon-international.com/blog/","https://leon-international.com/_next/image/?url=%2Fimages%2Flogo-transparent.png&w=3840&q=75","Leon International Logo","23","Root-Relative","//body/div[2]/div[2]/div[1]/a/div/img","Content","HTML","","",""
"Image","https://leon-international.com/blog/","https://leon-international.com/_next/image/?url=%2Fimages%2Flogo-transparent.png&w=3840&q=75","Leon International Logo","23","Root-Relative","//body/footer/div/div[1]/div[1]/a/div/img","Footer","HTML","","",""
"Image","https://leon-international.com/turbocharger-spares/","https://leon-international.com/_next/image/?url=%2Fimages%2Flogo-transparent.png&w=3840&q=75","Leon International Logo","23","Root-Relative","//body/header/nav/div[1]/a/div/img","Navigation","HTML","","",""
"Image","https://leon-international.com/turbocharger-spares/","https://leon-international.com/_next/image/?url=%2Fimages%2Flogo-transparent.png&w=3840&q=75","Leon International Logo","23","Root-Relative","//body/div[2]/div[2]/div[1]/a/div/img","Content","HTML","","",""
"Image","https://leon-international.com/turbocharger-spares/","https://leon-international.com/_next/image/?url=%2Fimages%2Flogo-transparent.png&w=3840&q=75","Leon International Logo","23","Root-Relative","//body/footer/div/div[1]/div[1]/a/div/img","Footer","HTML","","",""
"Image","https://leon-international.com/buoys-fabrication/","https://leon-international.com/_next/image/?url=%2Fimages%2Flogo-transparent.png&w=3840&q=75","Leon International Logo","23","Root-Relative","//body/header/nav/div[1]/a/div/img","Navigation","HTML","","",""
"Image","https://leon-international.com/buoys-fabrication/","https://leon-international.com/_next/image/?url=%2Fimages%2Flogo-transparent.png&w=3840&q=75","Leon International Logo","23","Root-Relative","//body/div[2]/div[2]/div[1]/a/div/img","Content","HTML","","",""
"Image","https://leon-international.com/buoys-fabrication/","https://leon-international.com/_next/image/?url=%2Fimages%2Flogo-transparent.png&w=3840&q=75","Leon International Logo","23","Root-Relative","//body/footer/div/div[1]/div[1]/a/div/img","Footer","HTML","","",""
"Image","https://leon-international.com/vessel-repair-anchorage/","https://leon-international.com/_next/image/?url=%2Fimages%2Flogo-transparent.png&w=3840&q=75","Leon International Logo","23","Root-Relative","//body/header/nav/div[1]/a/div/img","Navigation","HTML","","",""
"Image","https://leon-international.com/vessel-repair-anchorage/","https://leon-international.com/_next/image/?url=%2Fimages%2Flogo-transparent.png&w=3840&q=75","Leon International Logo","23","Root-Relative","//body/div[2]/div[2]/div[1]/a/div/img","Content","HTML","","",""
"Image","https://leon-international.com/vessel-repair-anchorage/","https://leon-international.com/_next/image/?url=%2Fimages%2Flogo-transparent.png&w=3840&q=75","Leon International Logo","23","Root-Relative","//body/footer/div/div[1]/div[1]/a/div/img","Footer","HTML","","",""
"Image","https://leon-international.com/marine-tools-calibration/","https://leon-international.com/_next/image/?url=%2Fimages%2Flogo-transparent.png&w=3840&q=75","Leon International Logo","23","Root-Relative","//body/header/nav/div[1]/a/div/img","Navigation","HTML","","",""
"Image","https://leon-international.com/marine-tools-calibration/","https://leon-international.com/_next/image/?url=%2Fimages%2Flogo-transparent.png&w=3840&q=75","Leon International Logo","23","Root-Relative","//body/div[2]/div[2]/div[1]/a/div/img","Content","HTML","","",""
"Image","https://leon-international.com/marine-tools-calibration/","https://leon-international.com/_next/image/?url=%2Fimages%2Flogo-transparent.png&w=3840&q=75","Leon International Logo","23","Root-Relative","//body/footer/div/div[1]/div[1]/a/div/img","Footer","HTML","","",""
"Image","https://leon-international.com/cold-storage-repair/","https://leon-international.com/_next/image/?url=%2Fimages%2Flogo-transparent.png&w=3840&q=75","Leon International Logo","23","Root-Relative","//body/header/nav/div[1]/a/div/img","Navigation","HTML","","",""
"Image","https://leon-international.com/cold-storage-repair/","https://leon-international.com/_next/image/?url=%2Fimages%2Flogo-transparent.png&w=3840&q=75","Leon International Logo","23","Root-Relative","//body/div[2]/div[2]/div[1]/a/div/img","Content","HTML","","",""
"Image","https://leon-international.com/cold-storage-repair/","https://leon-international.com/_next/image/?url=%2Fimages%2Flogo-transparent.png&w=3840&q=75","Leon International Logo","23","Root-Relative","//body/footer/div/div[1]/div[1]/a/div/img","Footer","HTML","","",""
"Image","https://leon-international.com/deck-machinery/","https://leon-international.com/_next/image/?url=%2Fimages%2Flogo-transparent.png&w=3840&q=75","Leon International Logo","23","Root-Relative","//body/header/nav/div[1]/a/div/img","Navigation","HTML","","",""
"Image","https://leon-international.com/deck-machinery/","https://leon-international.com/_next/image/?url=%2Fimages%2Flogo-transparent.png&w=3840&q=75","Leon International Logo","23","Root-Relative","//body/div[2]/div[2]/div[1]/a/div/img","Content","HTML","","",""
"Image","https://leon-international.com/deck-machinery/","https://leon-international.com/_next/image/?url=%2Fimages%2Flogo-transparent.png&w=3840&q=75","Leon International Logo","23","Root-Relative","//body/footer/div/div[1]/div[1]/a/div/img","Footer","HTML","","",""
"Image","https://leon-international.com/propulsion-systems/","https://leon-international.com/_next/image/?url=%2Fimages%2Flogo-transparent.png&w=3840&q=75","Leon International Logo","23","Root-Relative","//body/header/nav/div[1]/a/div/img","Navigation","HTML","","",""
"Image","https://leon-international.com/propulsion-systems/","https://leon-international.com/_next/image/?url=%2Fimages%2Flogo-transparent.png&w=3840&q=75","Leon International Logo","23","Root-Relative","//body/div[2]/div[2]/div[1]/a/div/img","Content","HTML","","",""
"Image","https://leon-international.com/propulsion-systems/","https://leon-international.com/_next/image/?url=%2Fimages%2Flogo-transparent.png&w=3840&q=75","Leon International Logo","23","Root-Relative","//body/footer/div/div[1]/div[1]/a/div/img","Footer","HTML","","",""
"Image","https://leon-international.com/hydraulic-equipment/","https://leon-international.com/_next/image/?url=%2Fimages%2Flogo-transparent.png&w=3840&q=75","Leon International Logo","23","Root-Relative","//body/header/nav/div[1]/a/div/img","Navigation","HTML","","",""
"Image","https://leon-international.com/hydraulic-equipment/","https://leon-international.com/_next/image/?url=%2Fimages%2Flogo-transparent.png&w=3840&q=75","Leon International Logo","23","Root-Relative","//body/div[2]/div[2]/div[1]/a/div/img","Content","HTML","","",""
"Image","https://leon-international.com/hydraulic-equipment/","https://leon-international.com/_next/image/?url=%2Fimages%2Flogo-transparent.png&w=3840&q=75","Leon International Logo","23","Root-Relative","//body/footer/div/div[1]/div[1]/a/div/img","Footer","HTML","","",""
"Image","https://leon-international.com/windlass-repair/","https://leon-international.com/_next/image/?url=%2Fimages%2Flogo-transparent.png&w=3840&q=75","Leon International Logo","23","Root-Relative","//body/header/nav/div[1]/a/div/img","Navigation","HTML","","",""
"Image","https://leon-international.com/windlass-repair/","https://leon-international.com/_next/image/?url=%2Fimages%2Flogo-transparent.png&w=3840&q=75","Leon International Logo","23","Root-Relative","//body/div[2]/div[2]/div[1]/a/div/img","Content","HTML","","",""
"Image","https://leon-international.com/windlass-repair/","https://leon-international.com/_next/image/?url=%2Fimages%2Flogo-transparent.png&w=3840&q=75","Leon International Logo","23","Root-Relative","//body/footer/div/div[1]/div[1]/a/div/img","Footer","HTML","","",""
"Image","https://leon-international.com/crane-load-test/","https://leon-international.com/_next/image/?url=%2Fimages%2Flogo-transparent.png&w=3840&q=75","Leon International Logo","23","Root-Relative","//body/header/nav/div[1]/a/div/img","Navigation","HTML","","",""
"Image","https://leon-international.com/crane-load-test/","https://leon-international.com/_next/image/?url=%2Fimages%2Flogo-transparent.png&w=3840&q=75","Leon International Logo","23","Root-Relative","//body/div[2]/div[2]/div[1]/a/div/img","Content","HTML","","",""
"Image","https://leon-international.com/crane-load-test/","https://leon-international.com/_next/image/?url=%2Fimages%2Flogo-transparent.png&w=3840&q=75","Leon International Logo","23","Root-Relative","//body/footer/div/div[1]/div[1]/a/div/img","Footer","HTML","","",""
"Image","https://leon-international.com/power-plant/","https://leon-international.com/_next/image/?url=%2Fimages%2Flogo-transparent.png&w=3840&q=75","Leon International Logo","23","Root-Relative","//body/header/nav/div[1]/a/div/img","Navigation","HTML","","",""
"Image","https://leon-international.com/power-plant/","https://leon-international.com/_next/image/?url=%2Fimages%2Flogo-transparent.png&w=3840&q=75","Leon International Logo","23","Root-Relative","//body/div[2]/div[2]/div[1]/a/div/img","Content","HTML","","",""
"Image","https://leon-international.com/power-plant/","https://leon-international.com/_next/image/?url=%2Fimages%2Flogo-transparent.png&w=3840&q=75","Leon International Logo","23","Root-Relative","//body/footer/div/div[1]/div[1]/a/div/img","Footer","HTML","","",""
"Image","https://leon-international.com/transformer-rewinding/","https://leon-international.com/_next/image/?url=%2Fimages%2Flogo-transparent.png&w=3840&q=75","Leon International Logo","23","Root-Relative","//body/header/nav/div[1]/a/div/img","Navigation","HTML","","",""
"Image","https://leon-international.com/transformer-rewinding/","https://leon-international.com/_next/image/?url=%2Fimages%2Flogo-transparent.png&w=3840&q=75","Leon International Logo","23","Root-Relative","//body/div[2]/div[2]/div[1]/a/div/img","Content","HTML","","",""
"Image","https://leon-international.com/transformer-rewinding/","https://leon-international.com/_next/image/?url=%2Fimages%2Flogo-transparent.png&w=3840&q=75","Leon International Logo","23","Root-Relative","//body/footer/div/div[1]/div[1]/a/div/img","Footer","HTML","","",""
"Image","https://leon-international.com/services/","https://leon-international.com/_next/image/?url=%2Fimages%2Flogo-transparent.png&w=3840&q=75","Leon International Logo","23","Root-Relative","//body/header/nav/div[1]/a/div/img","Navigation","HTML","","",""
"Image","https://leon-international.com/services/","https://leon-international.com/_next/image/?url=%2Fimages%2Flogo-transparent.png&w=3840&q=75","Leon International Logo","23","Root-Relative","//body/div[2]/div[2]/div[1]/a/div/img","Content","HTML","","",""
"Image","https://leon-international.com/services/","https://leon-international.com/_next/image/?url=%2Fimages%2Flogo-transparent.png&w=3840&q=75","Leon International Logo","23","Root-Relative","//body/footer/div/div[1]/div[1]/a/div/img","Footer","HTML","","",""
"Image","https://leon-international.com/electrical-equipment-repair/","https://leon-international.com/_next/image/?url=%2Fimages%2Flogo-transparent.png&w=3840&q=75","Leon International Logo","23","Root-Relative","//body/header/nav/div[1]/a/div/img","Navigation","HTML","","",""
"Image","https://leon-international.com/electrical-equipment-repair/","https://leon-international.com/_next/image/?url=%2Fimages%2Flogo-transparent.png&w=3840&q=75","Leon International Logo","23","Root-Relative","//body/div[2]/div[2]/div[1]/a/div/img","Content","HTML","","",""
"Image","https://leon-international.com/electrical-equipment-repair/","https://leon-international.com/_next/image/?url=%2Fimages%2Flogo-transparent.png&w=3840&q=75","Leon International Logo","23","Root-Relative","//body/footer/div/div[1]/div[1]/a/div/img","Footer","HTML","","",""
"Image","https://leon-international.com/quote/","https://leon-international.com/_next/image/?url=%2Fimages%2Flogo-transparent.png&w=3840&q=75","Leon International Logo","23","Root-Relative","//body/header/nav/div[1]/a/div/img","Navigation","HTML","","",""
"Image","https://leon-international.com/quote/","https://leon-international.com/_next/image/?url=%2Fimages%2Flogo-transparent.png&w=3840&q=75","Leon International Logo","23","Root-Relative","//body/div[2]/div[2]/div[1]/a/div/img","Content","HTML","","",""
"Image","https://leon-international.com/quote/","https://leon-international.com/_next/image/?url=%2Fimages%2Flogo-transparent.png&w=3840&q=75","Leon International Logo","23","Root-Relative","//body/footer/div/div[1]/div[1]/a/div/img","Footer","HTML","","",""
"Image","https://leon-international.com/blog/understanding-non-destructive-testing/","https://leon-international.com/_next/image/?url=%2Fimages%2Flogo-transparent.png&w=3840&q=75","Leon International Logo","23","Root-Relative","//body/header/nav/div[1]/a/div/img","Navigation","HTML","","",""
"Image","https://leon-international.com/blog/understanding-non-destructive-testing/","https://leon-international.com/_next/image/?url=%2Fimages%2Flogo-transparent.png&w=3840&q=75","Leon International Logo","23","Root-Relative","//body/div[2]/div[2]/div[1]/a/div/img","Content","HTML","","",""
"Image","https://leon-international.com/blog/understanding-non-destructive-testing/","https://leon-international.com/_next/image/?url=%2Fimages%2Flogo-transparent.png&w=3840&q=75","Leon International Logo","23","Root-Relative","//body/footer/div/div[1]/div[1]/a/div/img","Footer","HTML","","",""
"Image","https://leon-international.com/blog/guide-marine-engine-maintenance/","https://leon-international.com/_next/image/?url=%2Fimages%2Flogo-transparent.png&w=3840&q=75","Leon International Logo","23","Root-Relative","//body/header/nav/div[1]/a/div/img","Navigation","HTML","","",""
"Image","https://leon-international.com/blog/guide-marine-engine-maintenance/","https://leon-international.com/_next/image/?url=%2Fimages%2Flogo-transparent.png&w=3840&q=75","Leon International Logo","23","Root-Relative","//body/div[2]/div[2]/div[1]/a/div/img","Content","HTML","","",""
"Image","https://leon-international.com/blog/guide-marine-engine-maintenance/","https://leon-international.com/_next/image/?url=%2Fimages%2Flogo-transparent.png&w=3840&q=75","Leon International Logo","23","Root-Relative","//body/footer/div/div[1]/div[1]/a/div/img","Footer","HTML","","",""
"Image","https://leon-international.com/blog/emergency-ship-repair-anchorage-guide/","https://leon-international.com/_next/image/?url=%2Fimages%2Flogo-transparent.png&w=3840&q=75","Leon International Logo","23","Root-Relative","//body/header/nav/div[1]/a/div/img","Navigation","HTML","","",""
"Image","https://leon-international.com/blog/emergency-ship-repair-anchorage-guide/","https://leon-international.com/_next/image/?url=%2Fimages%2Flogo-transparent.png&w=3840&q=75","Leon International Logo","23","Root-Relative","//body/div[2]/div[2]/div[1]/a/div/img","Content","HTML","","",""
"Image","https://leon-international.com/blog/emergency-ship-repair-anchorage-guide/","https://leon-international.com/_next/image/?url=%2Fimages%2Flogo-transparent.png&w=3840&q=75","Leon International Logo","23","Root-Relative","//body/footer/div/div[1]/div[1]/a/div/img","Footer","HTML","","",""
"Image","https://leon-international.com/blog/signs-main-engine-needs-overhauling/","https://leon-international.com/_next/image/?url=%2Fimages%2Flogo-transparent.png&w=3840&q=75","Leon International Logo","23","Root-Relative","//body/header/nav/div[1]/a/div/img","Navigation","HTML","","",""
"Image","https://leon-international.com/blog/signs-main-engine-needs-overhauling/","https://leon-international.com/_next/image/?url=%2Fimages%2Flogo-transparent.png&w=3840&q=75","Leon International Logo","23","Root-Relative","//body/div[2]/div[2]/div[1]/a/div/img","Content","HTML","","",""
"Image","https://leon-international.com/blog/signs-main-engine-needs-overhauling/","https://leon-international.com/_next/image/?url=%2Fimages%2Flogo-transparent.png&w=3840&q=75","Leon International Logo","23","Root-Relative","//body/footer/div/div[1]/div[1]/a/div/img","Footer","HTML","","",""
"Image","https://leon-international.com/blog/oem-vs-aftermarket-marine-spares/","https://leon-international.com/_next/image/?url=%2Fimages%2Flogo-transparent.png&w=3840&q=75","Leon International Logo","23","Root-Relative","//body/header/nav/div[1]/a/div/img","Navigation","HTML","","",""
"Image","https://leon-international.com/blog/oem-vs-aftermarket-marine-spares/","https://leon-international.com/_next/image/?url=%2Fimages%2Flogo-transparent.png&w=3840&q=75","Leon International Logo","23","Root-Relative","//body/div[2]/div[2]/div[1]/a/div/img","Content","HTML","","",""
"Image","https://leon-international.com/blog/oem-vs-aftermarket-marine-spares/","https://leon-international.com/_next/image/?url=%2Fimages%2Flogo-transparent.png&w=3840&q=75","Leon International Logo","23","Root-Relative","//body/footer/div/div[1]/div[1]/a/div/img","Footer","HTML","","",""
"Image","https://leon-international.com/blog/crane-load-testing-importance/","https://leon-international.com/_next/image/?url=%2Fimages%2Flogo-transparent.png&w=3840&q=75","Leon International Logo","23","Root-Relative","//body/header/nav/div[1]/a/div/img","Navigation","HTML","","",""
"Image","https://leon-international.com/blog/crane-load-testing-importance/","https://leon-international.com/_next/image/?url=%2Fimages%2Flogo-transparent.png&w=3840&q=75","Leon International Logo","23","Root-Relative","//body/div[2]/div[2]/div[1]/a/div/img","Content","HTML","","",""
"Image","https://leon-international.com/blog/crane-load-testing-importance/","https://leon-international.com/_next/image/?url=%2Fimages%2Flogo-transparent.png&w=3840&q=75","Leon International Logo","23","Root-Relative","//body/footer/div/div[1]/div[1]/a/div/img","Footer","HTML","","",""
"Image","https://leon-international.com/support/technical-guides/man-bw-fuel-optimization/","https://leon-international.com/_next/image/?url=%2Fimages%2Flogo-transparent.png&w=3840&q=75","Leon International Logo","23","Root-Relative","//body/header/nav/div[1]/a/div/img","Navigation","HTML","","",""
"Image","https://leon-international.com/support/technical-guides/man-bw-fuel-optimization/","https://leon-international.com/_next/image/?url=%2Fimages%2Flogo-transparent.png&w=3840&q=75","Leon International Logo","23","Root-Relative","//body/div[2]/div[2]/div[1]/a/div/img","Content","HTML","","",""
"Image","https://leon-international.com/support/technical-guides/man-bw-fuel-optimization/","https://leon-international.com/_next/image/?url=%2Fimages%2Flogo-transparent.png&w=3840&q=75","Leon International Logo","23","Root-Relative","//body/footer/div/div[1]/div[1]/a/div/img","Footer","HTML","","",""
"Image","https://leon-international.com/blog/new-vs-reconditioned-marine-parts/","https://leon-international.com/_next/image/?url=%2Fimages%2Flogo-transparent.png&w=3840&q=75","Leon International Logo","23","Root-Relative","//body/header/nav/div[1]/a/div/img","Navigation","HTML","","",""
"Image","https://leon-international.com/blog/new-vs-reconditioned-marine-parts/","https://leon-international.com/_next/image/?url=%2Fimages%2Flogo-transparent.png&w=3840&q=75","Leon International Logo","23","Root-Relative","//body/div[2]/div[2]/div[1]/a/div/img","Content","HTML","","",""
"Image","https://leon-international.com/blog/new-vs-reconditioned-marine-parts/","https://leon-international.com/_next/image/?url=%2Fimages%2Flogo-transparent.png&w=3840&q=75","Leon International Logo","23","Root-Relative","//body/footer/div/div[1]/div[1]/a/div/img","Footer","HTML","","",""
"Image","https://leon-international.com/blog/industrial-protective-coatings/","https://leon-international.com/_next/image/?url=%2Fimages%2Flogo-transparent.png&w=3840&q=75","Leon International Logo","23","Root-Relative","//body/header/nav/div[1]/a/div/img","Navigation","HTML","","",""
"Image","https://leon-international.com/blog/industrial-protective-coatings/","https://leon-international.com/_next/image/?url=%2Fimages%2Flogo-transparent.png&w=3840&q=75","Leon International Logo","23","Root-Relative","//body/div[2]/div[2]/div[1]/a/div/img","Content","HTML","","",""
"Image","https://leon-international.com/blog/industrial-protective-coatings/","https://leon-international.com/_next/image/?url=%2Fimages%2Flogo-transparent.png&w=3840&q=75","Leon International Logo","23","Root-Relative","//body/footer/div/div[1]/div[1]/a/div/img","Footer","HTML","","",""
"Image","https://leon-international.com/","https://leon-international.com/_next/image/?url=%2Fservices%2Fservice-6.webp&w=3840&q=75","Protective Coatings","19","Root-Relative","//body/main/section[4]/div/div[2]/a[6]/img","Content","HTML","","",""
"Image","https://leon-international.com/services/","https://leon-international.com/_next/image/?url=%2Fservices%2Fservice-6.webp&w=3840&q=75","Protective Coatings","19","Root-Relative","//body/main/div/section/div/div[2]/a[6]/img","Content","HTML","","",""
"Image","https://leon-international.com/","https://leon-international.com/_next/image/?url=%2FProducts%2Fpropulsion_systems.webp&w=3840&q=75","Propulsion Systems","18","Root-Relative","//body/main/section[5]/div[4]/div[2]/div[6]/div[1]/img","Content","HTML","","",""
"Image","https://leon-international.com/","https://leon-international.com/_next/image/?url=%2FProducts%2Fdeck_machinery.webp&w=3840&q=75","Deck Machinery","14","Root-Relative","//body/main/section[5]/div[4]/div[2]/div[7]/div[1]/img","Content","HTML","","",""
"Image","https://leon-international.com/","https://leon-international.com/_next/image/?url=%2Fservices%2Fservice-8.webp&w=3840&q=75","Specialized Services","20","Root-Relative","//body/main/section[4]/div/div[2]/a[8]/img","Content","HTML","","",""
"Image","https://leon-international.com/services/","https://leon-international.com/_next/image/?url=%2Fservices%2Fservice-8.webp&w=3840&q=75","Specialized Services","20","Root-Relative","//body/main/div/section/div/div[2]/a[8]/img","Content","HTML","","",""
"Image","https://leon-international.com/","https://leon-international.com/_next/image/?url=%2FProjects%2Fweighbridge_repair.webp&w=3840&q=75","Weighbridge Repair","18","Root-Relative","//body/main/section[8]/div/div[2]/div[5]/img","Content","HTML","","",""
"Image","https://leon-international.com/","https://leon-international.com/_next/image/?url=%2FBrands%2Fimages.jpg&w=3840&q=75","MAN B&W logo","12","Root-Relative","//body/main/section[6]/div/div[2]/div[1]/div/img","Content","HTML","","",""
"Image","https://leon-international.com/","https://leon-international.com/Brands/b/Logo_Argosy-Shipping-Logistics.jpg","Argosy Shipmanagement","21","Root-Relative","//body/main/section[9]/div[1]/div[1]/div[1]/div[4]/img","Content","HTML","","",""
"Image","https://leon-international.com/","https://leon-international.com/Brands/b/Logo_Argosy-Shipping-Logistics.jpg","Argosy Shipmanagement","21","Root-Relative","//body/main/section[9]/div[1]/div[1]/div[2]/div[4]/img","Content","HTML","","",""
"Image","https://leon-international.com/about/","https://leon-international.com/Brands/b/Logo_Argosy-Shipping-Logistics.jpg","Argosy Shipmanagement","21","Root-Relative","//body/main/section[6]/div[1]/div[1]/div[1]/div[4]/img","Content","HTML","","",""
"Image","https://leon-international.com/about/","https://leon-international.com/Brands/b/Logo_Argosy-Shipping-Logistics.jpg","Argosy Shipmanagement","21","Root-Relative","//body/main/section[6]/div[1]/div[1]/div[2]/div[4]/img","Content","HTML","","",""
"Image","https://leon-international.com/","https://leon-international.com/_next/image/?url=%2FBrands%2Fmak-initial-letter-monogram-logo-260nw-2269703761.webp&w=3840&q=75","MAK logo","8","Root-Relative","//body/main/section[6]/div/div[2]/div[15]/div/img","Content","HTML","","",""
"Image","https://leon-international.com/","https://leon-international.com/_next/image/?url=%2Fimages%2Fclients%2Fhamdard.png&w=3840&q=75","Hamdard logo","12","Root-Relative","//body/main/section[2]/div[2]/div[2]/div/div[1]/div[4]/div[1]/img","Content","HTML","","",""
"Image","https://leon-international.com/","https://leon-international.com/_next/image/?url=%2Fimages%2Fclients%2Fhamdard.png&w=3840&q=75","Hamdard logo","12","Root-Relative","//body/main/section[2]/div[2]/div[2]/div/div[2]/div[4]/div[1]/img","Content","HTML","","",""
"Image","https://leon-international.com/food-supply-chain-support/","https://leon-international.com/_next/image/?url=%2Fimages%2Fclients%2Fhamdard.png&w=3840&q=75","Hamdard logo","12","Root-Relative","//body/main/main/section[2]/div/div[2]/div/div[4]/div/img","Content","HTML","","",""
"Image","https://leon-international.com/chemical-supplies/","https://leon-international.com/_next/image/?url=%2Fimages%2Fclients%2Fhamdard.png&w=3840&q=75","Hamdard logo","12","Root-Relative","//body/main/main/section[2]/div/div[2]/div/div[4]/div/img","Content","HTML","","",""
"Image","https://leon-international.com/","https://leon-international.com/_next/image/?url=%2Fimages%2Fclients%2Fcandyland.png&w=3840&q=75","Candyland logo","14","Root-Relative","//body/main/section[2]/div[2]/div[2]/div/div[1]/div[5]/div[1]/img","Content","HTML","","",""
"Image","https://leon-international.com/","https://leon-international.com/_next/image/?url=%2Fimages%2Fclients%2Fcandyland.png&w=3840&q=75","Candyland logo","14","Root-Relative","//body/main/section[2]/div[2]/div[2]/div/div[2]/div[5]/div[1]/img","Content","HTML","","",""
"Image","https://leon-international.com/food-supply-chain-support/","https://leon-international.com/_next/image/?url=%2Fimages%2Fclients%2Fcandyland.png&w=3840&q=75","Candyland logo","14","Root-Relative","//body/main/main/section[2]/div/div[2]/div/div[5]/div/img","Content","HTML","","",""
"Image","https://leon-international.com/chemical-supplies/","https://leon-international.com/_next/image/?url=%2Fimages%2Fclients%2Fcandyland.png&w=3840&q=75","Candyland logo","14","Root-Relative","//body/main/main/section[2]/div/div[2]/div/div[5]/div/img","Content","HTML","","",""
"Image","https://leon-international.com/","https://leon-international.com/Brands/b/images.jpg","STX Pan Ocean","13","Root-Relative","//body/main/section[9]/div[1]/div[1]/div[1]/div[6]/img","Content","HTML","","",""
"Image","https://leon-international.com/","https://leon-international.com/Brands/b/images.jpg","STX Pan Ocean","13","Root-Relative","//body/main/section[9]/div[1]/div[1]/div[2]/div[6]/img","Content","HTML","","",""
"Image","https://leon-international.com/about/","https://leon-international.com/Brands/b/images.jpg","STX Pan Ocean","13","Root-Relative","//body/main/section[6]/div[1]/div[1]/div[1]/div[6]/img","Content","HTML","","",""
"Image","https://leon-international.com/about/","https://leon-international.com/Brands/b/images.jpg","STX Pan Ocean","13","Root-Relative","//body/main/section[6]/div[1]/div[1]/div[2]/div[6]/img","Content","HTML","","",""
"Image","https://leon-international.com/","https://leon-international.com/_next/image/?url=%2FBrands%2FPerkins-Logo.svg.png&w=3840&q=75","Perkins logo","12","Root-Relative","//body/main/section[6]/div/div[2]/div[10]/div/img","Content","HTML","","",""
"Image","https://leon-international.com/","https://leon-international.com/Brands/b/Apollonia-Lines-S.A..jpg","Apollonia Lines","15","Root-Relative","//body/main/section[9]/div[1]/div[1]/div[1]/div[3]/img","Content","HTML","","",""
"Image","https://leon-international.com/","https://leon-international.com/Brands/b/Apollonia-Lines-S.A..jpg","Apollonia Lines","15","Root-Relative","//body/main/section[9]/div[1]/div[1]/div[2]/div[3]/img","Content","HTML","","",""
"Image","https://leon-international.com/about/","https://leon-international.com/Brands/b/Apollonia-Lines-S.A..jpg","Apollonia Lines","15","Root-Relative","//body/main/section[6]/div[1]/div[1]/div[1]/div[3]/img","Content","HTML","","",""
"Image","https://leon-international.com/about/","https://leon-international.com/Brands/b/Apollonia-Lines-S.A..jpg","Apollonia Lines","15","Root-Relative","//body/main/section[6]/div[1]/div[1]/div[2]/div[3]/img","Content","HTML","","",""
"Image","https://leon-international.com/","https://leon-international.com/_next/image/?url=%2FBrands%2Flogo_hanshin.png&w=3840&q=75","Hanshin Diesel logo","19","Root-Relative","//body/main/section[6]/div/div[2]/div[19]/div/img","Content","HTML","","",""
"Image","https://leon-international.com/","https://leon-international.com/_next/image/?url=%2FBrands%2Flomb.jpg&w=3840&q=75","Lombardini logo","15","Root-Relative","//body/main/section[6]/div/div[2]/div[21]/div/img","Content","HTML","","",""
"Image","https://leon-international.com/","https://leon-international.com/_next/image/?url=%2FBrands%2Fimages.png&w=3840&q=75","Cummins logo","12","Root-Relative","//body/main/section[6]/div/div[2]/div[3]/div/img","Content","HTML","","",""
"Image","https://leon-international.com/","https://leon-international.com/_next/image/?url=%2Fservices%2Fservice-4.webp&w=3840&q=75","Fabrication & Welding","21","Root-Relative","//body/main/section[4]/div/div[2]/a[4]/img","Content","HTML","","",""
"Image","https://leon-international.com/services/","https://leon-international.com/_next/image/?url=%2Fservices%2Fservice-4.webp&w=3840&q=75","Fabrication & Welding","21","Root-Relative","//body/main/div/section/div/div[2]/a[4]/img","Content","HTML","","",""
"Image","https://leon-international.com/","https://leon-international.com/_next/image/?url=%2FProjects%2Fgenerator_overhauling.webp&w=3840&q=75","Generator Overhauling","21","Root-Relative","//body/main/section[8]/div/div[2]/div[2]/img","Content","HTML","","",""
"Image","https://leon-international.com/","https://leon-international.com/_next/image/?url=%2FBrands%2Fyanmar-logo-png-transparent-png.webp&w=3840&q=75","Yanmar logo","11","Root-Relative","//body/main/section[6]/div/div[2]/div[7]/div/img","Content","HTML","","",""
"Image","https://leon-international.com/","https://leon-international.com/Brands/b/red-orange-logo-with-word-phoenix-it_20530-245.avif","Phoenix Reederei","16","Root-Relative","//body/main/section[9]/div[1]/div[1]/div[1]/div[9]/img","Content","HTML","","",""
"Image","https://leon-international.com/","https://leon-international.com/Brands/b/red-orange-logo-with-word-phoenix-it_20530-245.avif","Phoenix Reederei","16","Root-Relative","//body/main/section[9]/div[1]/div[1]/div[2]/div[9]/img","Content","HTML","","",""
"Image","https://leon-international.com/about/","https://leon-international.com/Brands/b/red-orange-logo-with-word-phoenix-it_20530-245.avif","Phoenix Reederei","16","Root-Relative","//body/main/section[6]/div[1]/div[1]/div[1]/div[9]/img","Content","HTML","","",""
"Image","https://leon-international.com/about/","https://leon-international.com/Brands/b/red-orange-logo-with-word-phoenix-it_20530-245.avif","Phoenix Reederei","16","Root-Relative","//body/main/section[6]/div[1]/div[1]/div[2]/div[9]/img","Content","HTML","","",""
"Image","https://leon-international.com/","https://leon-international.com/_next/image/?url=%2FBrands%2Flarge-60acc0b38d953907b012b08f-8c6a2fe8f862454ac702bb58ac24ff1de3129e431e5dab87d16be38e43a94177-60acc4f1_385_large_nR-cKw0AUq.jpg&w=3840&q=75","Hyundai HiMSEN logo","19","Root-Relative","//body/main/section[6]/div/div[2]/div[11]/div/img","Content","HTML","","",""
"Image","https://leon-international.com/","https://leon-international.com/_next/image/?url=%2FProjects%2Fbuoys_fabrication.webp&w=3840&q=75","Buoys Fabrication","17","Root-Relative","//body/main/section[8]/div/div[2]/div[1]/img","Content","HTML","","",""
"Image","https://leon-international.com/","https://leon-international.com/Brands/b/images%20(3).png","Oasis Maritime","14","Root-Relative","//body/main/section[9]/div[1]/div[1]/div[1]/div[8]/img","Content","HTML","","",""
"Image","https://leon-international.com/","https://leon-international.com/Brands/b/images%20(3).png","Oasis Maritime","14","Root-Relative","//body/main/section[9]/div[1]/div[1]/div[2]/div[8]/img","Content","HTML","","",""
"Image","https://leon-international.com/about/","https://leon-international.com/Brands/b/images%20(3).png","Oasis Maritime","14","Root-Relative","//body/main/section[6]/div[1]/div[1]/div[1]/div[8]/img","Content","HTML","","",""
"Image","https://leon-international.com/about/","https://leon-international.com/Brands/b/images%20(3).png","Oasis Maritime","14","Root-Relative","//body/main/section[6]/div[1]/div[1]/div[2]/div[8]/img","Content","HTML","","",""
"Image","https://leon-international.com/","https://leon-international.com/_next/image/?url=%2FBrands%2F365-3655053_logo-caterpillar-png-logos-that-start-with-cat.png&w=3840&q=75","Caterpillar (CAT) logo","22","Root-Relative","//body/main/section[6]/div/div[2]/div[4]/div/img","Content","HTML","","",""
"Image","https://leon-international.com/","https://leon-international.com/_next/image/?url=%2FBrands%2Fscania-1-logo-black-and-white.png&w=3840&q=75","Scania logo","11","Root-Relative","//body/main/section[6]/div/div[2]/div[16]/div/img","Content","HTML","","",""
"Image","https://leon-international.com/","https://leon-international.com/_next/image/?url=%2Fimages%2Fclients%2Fahmed.png&w=3840&q=75","Ahmed Foods logo","16","Root-Relative","//body/main/section[2]/div[2]/div[2]/div/div[1]/div[2]/div[1]/img","Content","HTML","","",""
"Image","https://leon-international.com/","https://leon-international.com/_next/image/?url=%2Fimages%2Fclients%2Fahmed.png&w=3840&q=75","Ahmed Foods logo","16","Root-Relative","//body/main/section[2]/div[2]/div[2]/div/div[2]/div[2]/div[1]/img","Content","HTML","","",""
"Image","https://leon-international.com/food-supply-chain-support/","https://leon-international.com/_next/image/?url=%2Fimages%2Fclients%2Fahmed.png&w=3840&q=75","Ahmed Foods logo","16","Root-Relative","//body/main/main/section[2]/div/div[2]/div/div[2]/div/img","Content","HTML","","",""
"Image","https://leon-international.com/chemical-supplies/","https://leon-international.com/_next/image/?url=%2Fimages%2Fclients%2Fahmed.png&w=3840&q=75","Ahmed Foods logo","16","Root-Relative","//body/main/main/section[2]/div/div[2]/div/div[2]/div/img","Content","HTML","","",""
"Image","https://leon-international.com/","https://leon-international.com/_next/image/?url=%2FBrands%2F35-355704_volvo-penta-logo-hd-png-download.png&w=3840&q=75","Volvo Penta logo","16","Root-Relative","//body/main/section[6]/div/div[2]/div[6]/div/img","Content","HTML","","",""
"Image","https://leon-international.com/","https://leon-international.com/Brands/b/Asset-8@3x-1.png","Green Ocean","11","Root-Relative","//body/main/section[9]/div[1]/div[1]/div[1]/div[7]/img","Content","HTML","","",""
"Image","https://leon-international.com/","https://leon-international.com/Brands/b/Asset-8@3x-1.png","Green Ocean","11","Root-Relative","//body/main/section[9]/div[1]/div[1]/div[2]/div[7]/img","Content","HTML","","",""
"Image","https://leon-international.com/about/","https://leon-international.com/Brands/b/Asset-8@3x-1.png","Green Ocean","11","Root-Relative","//body/main/section[6]/div[1]/div[1]/div[1]/div[7]/img","Content","HTML","","",""
"Image","https://leon-international.com/about/","https://leon-international.com/Brands/b/Asset-8@3x-1.png","Green Ocean","11","Root-Relative","//body/main/section[6]/div[1]/div[1]/div[2]/div[7]/img","Content","HTML","","",""
"Image","https://leon-international.com/","https://leon-international.com/_next/image/?url=%2Fservices%2Fservice-1.webp&w=3840&q=75","Ship Repair & Dry Docking","25","Root-Relative","//body/main/section[4]/div/div[2]/a[1]/img","Content","HTML","","",""
"Image","https://leon-international.com/services/","https://leon-international.com/_next/image/?url=%2Fservices%2Fservice-1.webp&w=3840&q=75","Ship Repair & Dry Docking","25","Root-Relative","//body/main/div/section/div/div[2]/a[1]/img","Content","HTML","","",""
"Image","https://leon-international.com/","https://leon-international.com/_next/image/?url=%2FProducts%2Fhydraulic_equipment.webp&w=3840&q=75","Hydraulic Equipment","19","Root-Relative","//body/main/section[5]/div[4]/div[2]/div[8]/div[1]/img","Content","HTML","","",""
"Image","https://leon-international.com/main-engine-generator-repair/","https://leon-international.com/images/main-engine-generator-repair/banner.webp","Main Engine & Generator Overhaul Background","43","Root-Relative","//body/main/main/section[1]/div[1]/img","Content","HTML","","",""
"Image","https://leon-international.com/vessel-repair-anchorage/","https://leon-international.com/images/vessel-repair/banner.webp","Vessel Repair at Anchorage Background","37","Root-Relative","//body/main/main/section[1]/div[1]/img","Content","HTML","","",""
"Image","https://leon-international.com/dye-penetrant-testing/","https://leon-international.com/images/dye-penetrant-testing/banner.webp","Dye Penetrant / Liquid Penetrant Testing Background","51","Root-Relative","//body/main/main/section[1]/div[1]/img","Content","HTML","","",""
"Image","https://leon-international.com/major-ship-repair/","https://leon-international.com/_next/image/?url=%2Fimages%2Fmajor-repair%2Fservice-1.webp&w=3840&q=75","Marine engineers operating advanced diagnostics on a major diesel propulsion engine","83","Root-Relative","//body/main/main/section[2]/div/div[2]/div[1]/img","Content","HTML","","",""
"Image","https://leon-international.com/blog/","https://leon-international.com/_next/image/?url=https%3A%2F%2Fimages.unsplash.com%2Fphoto-1582213782179-e0d53f98f2ca%3Fq%3D80%26w%3D1000%26auto%3Dformat%26fit%3Dcrop&w=3840&q=75","The Importance of Industrial Protective Coatings in Marine Environments","71","Root-Relative","//body/main/main/section[2]/div[4]/div/article[7]/a/img","Content","HTML","","",""
"Image","https://leon-international.com/blog/industrial-protective-coatings/","https://leon-international.com/_next/image/?url=https%3A%2F%2Fimages.unsplash.com%2Fphoto-1582213782179-e0d53f98f2ca%3Fq%3D80%26w%3D1000%26auto%3Dformat%26fit%3Dcrop&w=3840&q=75","The Importance of Industrial Protective Coatings in Marine Environments","71","Root-Relative","//body/main/main/section[1]/div[1]/img","Content","HTML","","",""
"Image","https://leon-international.com/main-engine-generator-repair/","https://leon-international.com/_next/image/?url=%2Fimages%2Fmain-engine-generator-repair%2Fcomponent.webp&w=3840&q=75","Main Engine & Generator Overhaul performed by Leon International Marine Engineers","81","Root-Relative","//body/main/main/section[2]/div/div[1]/div[2]/img","Content","HTML","","",""
"Image","https://leon-international.com/ac-plant-repair/","https://leon-international.com/_next/image/?url=%2Fimages%2Fac-plant-repair%2Fcomponent.webp&w=3840&q=75","Marine AC Plant Repair performed by Leon International Marine Engineers","71","Root-Relative","//body/main/main/section[2]/div/div[1]/div[2]/img","Content","HTML","","",""
"Image","https://leon-international.com/crane-inspection/","https://leon-international.com/_next/image/?url=%2Fimages%2Fcrane-inspection%2Fcomponent.webp&w=3840&q=75","Comprehensive Crane Inspection performed by Leon International Marine Engineers","79","Root-Relative","//body/main/main/section[2]/div/div[1]/div[2]/img","Content","HTML","","",""
"Image","https://leon-international.com/deck-machinery-overhauling/","https://leon-international.com/images/deck-machinery-overhauling/banner.webp","Deck Machinery Overhauling Background","37","Root-Relative","//body/main/main/section[1]/div[1]/img","Content","HTML","","",""
"Image","https://leon-international.com/ship-repair/","https://leon-international.com/images/ship-repair/banner.webp","Ship Repair & Dry Docking Services Background","45","Root-Relative","//body/main/main/section[1]/div[1]/img","Content","HTML","","",""
"Image","https://leon-international.com/services/","https://leon-international.com/services-banner.webp","Our Services Background","23","Root-Relative","//body/main/section[1]/div[1]/img","Content","HTML","","",""
"Image","https://leon-international.com/crane-load-test/","https://leon-international.com/_next/image/?url=%2Fimages%2Fcrane-load-test%2Fcomponent.webp&w=3840&q=75","Marine Crane Load Testing performed by Leon International Marine Engineers","74","Root-Relative","//body/main/main/section[2]/div/div[1]/div[2]/img","Content","HTML","","",""
"Image","https://leon-international.com/dry-docking-slts/","https://leon-international.com/images/dry-docking/banner.webp","Dry Docking & SLTS Services Background","38","Root-Relative","//body/main/main/section[1]/div[1]/img","Content","HTML","","",""
"Image","https://leon-international.com/ac-plant-repair/","https://leon-international.com/images/ac-plant-repair/banner.webp","Marine AC Plant Repair Background","33","Root-Relative","//body/main/main/section[1]/div[1]/img","Content","HTML","","",""
"Image","https://leon-international.com/transformer-rewinding/","https://leon-international.com/_next/image/?url=%2Fimages%2Ftransformer-rewinding%2Fcomponent.webp&w=3840&q=75","Transformer Rewinding Services performed by Leon International Marine Engineers","79","Root-Relative","//body/main/main/section[2]/div/div[1]/div[2]/img","Content","HTML","","",""
"Image","https://leon-international.com/specialized/","https://leon-international.com/_next/image/?url=%2Fimages%2Fspecialized%2Fcomponent-v2.webp&w=3840&q=75","Specialized Marine Services performed by Leon International Marine Engineers","76","Root-Relative","//body/main/main/section[2]/div/div/div[2]/img","Content","HTML","","",""
"Image","https://leon-international.com/ndt-inspection/","https://leon-international.com/images/ndt-inspection/banner.webp","NDT Inspection & Calibration Services Background","48","Root-Relative","//body/main/main/section[1]/div[1]/img","Content","HTML","","",""
"Image","https://leon-international.com/windlass-repair/","https://leon-international.com/_next/image/?url=%2Fimages%2Fwindlass-repair%2Fcomponent.webp&w=3840&q=75","Windlass & Mooring Winch Repair performed by Leon International Marine Engineers","80","Root-Relative","//body/main/main/section[2]/div/div[1]/div[2]/img","Content","HTML","","",""
"Image","https://leon-international.com/mtu-parts/","https://leon-international.com/_next/image/?url=%2Fimages%2Fship-repair%2Fservice-1.webp&w=3840&q=75","MTU Engine Parts & Spares performed by Leon International Marine Engineers","74","Root-Relative","//body/main/main/section[2]/div/div[1]/div[2]/img","Content","HTML","","",""
"Image","https://leon-international.com/man-parts/","https://leon-international.com/_next/image/?url=%2Fimages%2Fship-repair%2Fservice-1.webp&w=3840&q=75","MAN B&W Engine Spare Parts performed by Leon International Marine Engineers","75","Root-Relative","//body/main/main/section[2]/div/div[1]/div[2]/img","Content","HTML","","",""
"Image","https://leon-international.com/volvo-penta-parts/","https://leon-international.com/_next/image/?url=%2Fimages%2Fship-repair%2Fservice-1.webp&w=3840&q=75","Volvo Penta Engine Spares performed by Leon International Marine Engineers","74","Root-Relative","//body/main/main/section[2]/div/div[1]/div[2]/img","Content","HTML","","",""
"Image","https://leon-international.com/waukesha-parts/","https://leon-international.com/_next/image/?url=%2Fimages%2Fship-repair%2Fservice-1.webp&w=3840&q=75","Waukesha Engine Components performed by Leon International Marine Engineers","75","Root-Relative","//body/main/main/section[2]/div/div[1]/div[2]/img","Content","HTML","","",""
"Image","https://leon-international.com/petroleum-equipment/","https://leon-international.com/_next/image/?url=%2Fimages%2Fship-repair%2Fservice-1.webp&w=3840&q=75","Petroleum & Oilfield Equipment performed by Leon International Marine Engineers","79","Root-Relative","//body/main/main/section[2]/div/div[1]/div[2]/img","Content","HTML","","",""
"Image","https://leon-international.com/ship-repair/","https://leon-international.com/_next/image/?url=%2Fimages%2Fship-repair%2Fservice-1.webp&w=3840&q=75","Marine engineers working on ship repairs","40","Root-Relative","//body/main/main/section[2]/div/div/div[2]/img","Content","HTML","","",""
"Image","https://leon-international.com/main-engine-spares/","https://leon-international.com/_next/image/?url=%2Fimages%2Fship-repair%2Fservice-1.webp&w=3840&q=75","Main Engine Spare Parts performed by Leon International Marine Engineers","72","Root-Relative","//body/main/main/section[2]/div/div[1]/div[2]/img","Content","HTML","","",""
"Image","https://leon-international.com/explosion-proof/","https://leon-international.com/_next/image/?url=%2Fimages%2Fship-repair%2Fservice-1.webp&w=3840&q=75","Explosion-Proof (Ex) Equipment performed by Leon International Marine Engineers","79","Root-Relative","//body/main/main/section[2]/div/div[1]/div[2]/img","Content","HTML","","",""
"Image","https://leon-international.com/perkins-parts/","https://leon-international.com/_next/image/?url=%2Fimages%2Fship-repair%2Fservice-1.webp&w=3840&q=75","Perkins Marine Engines & Spares performed by Leon International Marine Engineers","80","Root-Relative","//body/main/main/section[2]/div/div[1]/div[2]/img","Content","HTML","","",""
"Image","https://leon-international.com/diesel-generators/","https://leon-international.com/_next/image/?url=%2Fimages%2Fship-repair%2Fservice-1.webp&w=3840&q=75","Marine Diesel Generators performed by Leon International Marine Engineers","73","Root-Relative","//body/main/main/section[2]/div/div[1]/div[2]/img","Content","HTML","","",""
"Image","https://leon-international.com/caterpillar-parts/","https://leon-international.com/_next/image/?url=%2Fimages%2Fship-repair%2Fservice-1.webp&w=3840&q=75","Caterpillar (CAT) Marine Parts performed by Leon International Marine Engineers","79","Root-Relative","//body/main/main/section[2]/div/div[1]/div[2]/img","Content","HTML","","",""
"Image","https://leon-international.com/electrical-equipment/","https://leon-international.com/_next/image/?url=%2Fimages%2Fship-repair%2Fservice-1.webp&w=3840&q=75","Marine Electrical Equipment performed by Leon International Marine Engineers","76","Root-Relative","//body/main/main/section[2]/div/div[1]/div[2]/img","Content","HTML","","",""
"Image","https://leon-international.com/deutz-parts/","https://leon-international.com/_next/image/?url=%2Fimages%2Fship-repair%2Fservice-1.webp&w=3840&q=75","DEUTZ Marine Engine Parts performed by Leon International Marine Engineers","74","Root-Relative","//body/main/main/section[2]/div/div[1]/div[2]/img","Content","HTML","","",""
"Image","https://leon-international.com/purifiers/","https://leon-international.com/_next/image/?url=%2Fimages%2Fship-repair%2Fservice-1.webp&w=3840&q=75","Oil Purifiers & Separators performed by Leon International Marine Engineers","75","Root-Relative","//body/main/main/section[2]/div/div[1]/div[2]/img","Content","HTML","","",""
"Image","https://leon-international.com/navigation-systems/","https://leon-international.com/_next/image/?url=%2Fimages%2Fship-repair%2Fservice-1.webp&w=3840&q=75","Navigation & Communication Systems performed by Leon International Marine Engineers","83","Root-Relative","//body/main/main/section[2]/div/div[1]/div[2]/img","Content","HTML","","",""
"Image","https://leon-international.com/cummins-parts/","https://leon-international.com/_next/image/?url=%2Fimages%2Fship-repair%2Fservice-1.webp&w=3840&q=75","Cummins Marine Engine Parts performed by Leon International Marine Engineers","76","Root-Relative","//body/main/main/section[2]/div/div[1]/div[2]/img","Content","HTML","","",""
"Image","https://leon-international.com/air-compressors/","https://leon-international.com/_next/image/?url=%2Fimages%2Fship-repair%2Fservice-1.webp&w=3840&q=75","Marine Air Compressors & Spares performed by Leon International Marine Engineers","80","Root-Relative","//body/main/main/section[2]/div/div[1]/div[2]/img","Content","HTML","","",""
"Image","https://leon-international.com/mwm-parts/","https://leon-international.com/_next/image/?url=%2Fimages%2Fship-repair%2Fservice-1.webp&w=3840&q=75","MWM Engine Replacement Parts performed by Leon International Marine Engineers","77","Root-Relative","//body/main/main/section[2]/div/div[1]/div[2]/img","Content","HTML","","",""
"Image","https://leon-international.com/auxiliary-engines/","https://leon-international.com/_next/image/?url=%2Fimages%2Fship-repair%2Fservice-1.webp&w=3840&q=75","Auxiliary Engine Spares performed by Leon International Marine Engineers","72","Root-Relative","//body/main/main/section[2]/div/div[1]/div[2]/img","Content","HTML","","",""
"Image","https://leon-international.com/turbocharger-spares/","https://leon-international.com/_next/image/?url=%2Fimages%2Fship-repair%2Fservice-1.webp&w=3840&q=75","Turbocharger Repair & Spares performed by Leon International Marine Engineers","77","Root-Relative","//body/main/main/section[2]/div/div[1]/div[2]/img","Content","HTML","","",""
"Image","https://leon-international.com/deck-machinery/","https://leon-international.com/_next/image/?url=%2Fimages%2Fship-repair%2Fservice-1.webp&w=3840&q=75","Deck Machinery & Winch Spares performed by Leon International Marine Engineers","78","Root-Relative","//body/main/main/section[2]/div/div[1]/div[2]/img","Content","HTML","","",""
"Image","https://leon-international.com/propulsion-systems/","https://leon-international.com/_next/image/?url=%2Fimages%2Fship-repair%2Fservice-1.webp&w=3840&q=75","Propulsion Systems & Shafts performed by Leon International Marine Engineers","76","Root-Relative","//body/main/main/section[2]/div/div[1]/div[2]/img","Content","HTML","","",""
"Image","https://leon-international.com/hydraulic-equipment/","https://leon-international.com/_next/image/?url=%2Fimages%2Fship-repair%2Fservice-1.webp&w=3840&q=75","Marine Hydraulic Parts performed by Leon International Marine Engineers","71","Root-Relative","//body/main/main/section[2]/div/div[1]/div[2]/img","Content","HTML","","",""
"Image","https://leon-international.com/power-plant/","https://leon-international.com/_next/image/?url=%2Fimages%2Fship-repair%2Fservice-1.webp&w=3840&q=75","Power Plant Equipment Supply performed by Leon International Marine Engineers","77","Root-Relative","//body/main/main/section[2]/div/div[1]/div[2]/img","Content","HTML","","",""
"Image","https://leon-international.com/fabrication/","https://leon-international.com/images/fabrication/banner.webp","Steel & Pipe Fabrication Background","35","Root-Relative","//body/main/main/section[1]/div[1]/img","Content","HTML","","",""
"Image","https://leon-international.com/motor-rewinding/","https://leon-international.com/images/motor-rewinding/banner.webp","Electric Motor Rewinding Background","35","Root-Relative","//body/main/main/section[1]/div[1]/img","Content","HTML","","",""
"Image","https://leon-international.com/cold-storage-repair/","https://leon-international.com/_next/image/?url=%2Fimages%2Fcold-storage-repair%2Fcomponent.webp&w=3840&q=75","Cold Storage Refrigeration Service performed by Leon International Marine Engineers","83","Root-Relative","//body/main/main/section[2]/div/div[1]/div[2]/img","Content","HTML","","",""
"Image","https://leon-international.com/crane-inspection/","https://leon-international.com/images/crane-inspection/banner.webp","Comprehensive Crane Inspection Background","41","Root-Relative","//body/main/main/section[1]/div[1]/img","Content","HTML","","",""
"Image","https://leon-international.com/boiler-repair/","https://leon-international.com/_next/image/?url=%2Fimages%2Fboiler-repair%2Fcomponent.webp&w=3840&q=75","Marine Boiler Repair Services performed by Leon International Marine Engineers","78","Root-Relative","//body/main/main/section[2]/div/div[1]/div[2]/img","Content","HTML","","",""
"Image","https://leon-international.com/electrical-equipment-repair/","https://leon-international.com/images/electrical-equipment-repair/banner.webp","Electrical Equipment Repair Background","38","Root-Relative","//body/main/main/section[1]/div[1]/img","Content","HTML","","",""
"Image","https://leon-international.com/gyro-compass-overhauling/","https://leon-international.com/_next/image/?url=%2Fimages%2Fgyro-compass-overhauling%2Fcomponent.webp&w=3840&q=75","Gyro Compass Maintenance performed by Leon International Marine Engineers","73","Root-Relative","//body/main/main/section[2]/div/div[1]/div[2]/img","Content","HTML","","",""
"Image","https://leon-international.com/vessel-repair-anchorage/","https://leon-international.com/_next/image/?url=%2Fimages%2Fvessel-repair%2Fservice-1.webp&w=3840&q=75","Marine engineers performing exterior hull maintenance at sea","60","Root-Relative","//body/main/main/section[2]/div/div[2]/div[1]/img","Content","HTML","","",""
"Image","https://leon-international.com/electrical-equipment-repair/","https://leon-international.com/_next/image/?url=%2Fimages%2Felectrical-equipment-repair%2Fcomponent.webp&w=3840&q=75","Electrical Equipment Repair performed by Leon International Marine Engineers","76","Root-Relative","//body/main/main/section[2]/div/div[1]/div[2]/img","Content","HTML","","",""
"Image","https://leon-international.com/hydraulic-pump-overhauling/","https://leon-international.com/_next/image/?url=%2Fimages%2Fhydraulic-pump-overhauling%2Fcomponent.webp&w=3840&q=75","Hydraulic Pump & System Overhaul performed by Leon International Marine Engineers","81","Root-Relative","//body/main/main/section[2]/div/div[1]/div[2]/img","Content","HTML","","",""
"Image","https://leon-international.com/sandblasting/","https://leon-international.com/images/sandblasting/banner.webp","Marine Sandblasting & Surface Prep Background","45","Root-Relative","//body/main/main/section[1]/div[1]/img","Content","HTML","","",""
"Image","https://leon-international.com/air-lifting-balloon/","https://leon-international.com/images/air-lifting-balloon/banner.webp","Air Lifting Balloon Services Background","39","Root-Relative","//body/main/main/section[1]/div[1]/img","Content","HTML","","",""
"Image","https://leon-international.com/chemical-supplies/","https://leon-international.com/images/chemical-supplies/banner.webp","Chemical Supplies Background","28","Root-Relative","//body/main/main/section[1]/div[1]/img","Content","HTML","","",""
"Image","https://leon-international.com/spare-parts-supply/","https://leon-international.com/_next/image/?url=%2Fimages%2Fspare-parts-supply%2Fcomponent.webp&w=3840&q=75","Urgent Marine Spare Parts Supply performed by Leon International Marine Engineers","81","Root-Relative","//body/main/main/section[2]/div/div[1]/div[2]/img","Content","HTML","","",""
"Image","https://leon-international.com/hvac/","https://leon-international.com/images/hvac/banner.webp","Marine HVAC & Refrigeration Solutions Background","48","Root-Relative","//body/main/main/section[1]/div[1]/img","Content","HTML","","",""
"Image","https://leon-international.com/steel-structure-fabrication/","https://leon-international.com/images/steel-structure/banner-v2.webp","Steel Structure Fabrication Background","38","Root-Relative","//body/main/main/section[1]/div[1]/img","Content","HTML","","",""
"Image","https://leon-international.com/marine-tools-calibration/","https://leon-international.com/_next/image/?url=%2Fimages%2Fmarine-tools-calibration%2Fcomponent.webp&w=3840&q=75","Marine Tools & Equipment Calibration performed by Leon International Marine Engineers","85","Root-Relative","//body/main/main/section[2]/div/div[1]/div[2]/img","Content","HTML","","",""
"Image","https://leon-international.com/projects/","https://leon-international.com/_next/image/?url=https%3A%2F%2Fimages.unsplash.com%2Fphoto-1582213782179-e0d53f98f2ca%3Fq%3D80%26w%3D2000%26auto%3Dformat%26fit%3Dcrop&w=3840&q=75","Tanker Chipping & Painting","26","Root-Relative","//body/main/main/section[2]/div[4]/div/div[2]/div[11]/div[1]/img","Content","HTML","","",""
"Image","https://leon-international.com/ndt-inspection/","https://leon-international.com/_next/image/?url=%2Fimages%2Fndt-inspection%2Fcomponent.webp&w=3840&q=75","NDT Inspection & Calibration Services performed by Leon International Marine Engineers","86","Root-Relative","//body/main/main/section[2]/div/div/div[2]/img","Content","HTML","","",""
"Image","https://leon-international.com/protective-coatings/","https://leon-international.com/images/protective-coatings/banner.webp","Marine Protective Coatings & Sandblasting Background","52","Root-Relative","//body/main/main/section[1]/div[1]/img","Content","HTML","","",""
"Image","https://leon-international.com/pcb-card-repair/","https://leon-international.com/images/pcb-card-repair/banner.webp","Marine PCB Card Repair Background","33","Root-Relative","//body/main/main/section[1]/div[1]/img","Content","HTML","","",""
"Image","https://leon-international.com/mechanical-repair/","https://leon-international.com/images/mechanical-repair/banner.webp","Mechanical Repair & Reconditioning Background","45","Root-Relative","//body/main/main/section[1]/div[1]/img","Content","HTML","","",""
"Image","https://leon-international.com/projects/","https://leon-international.com/_next/image/?url=https%3A%2F%2Fimages.unsplash.com%2Fphoto-1504917595217-d4dc5ebe6122%3Fq%3D80%26w%3D2000%26auto%3Dformat%26fit%3Dcrop&w=3840&q=75","Hydraulic Windlass Motor","24","Root-Relative","//body/main/main/section[2]/div[4]/div/div[2]/div[10]/div[1]/img","Content","HTML","","",""
"Image","https://leon-international.com/windlass-repair/","https://leon-international.com/images/windlass-repair/banner.webp","Windlass & Mooring Winch Repair Background","42","Root-Relative","//body/main/main/section[1]/div[1]/img","Content","HTML","","",""
"Image","https://leon-international.com/sandblasting/","https://leon-international.com/_next/image/?url=%2Fimages%2Fsandblasting%2Fcomponent.webp&w=3840&q=75","Marine Sandblasting & Surface Prep performed by Leon International Marine Engineers","83","Root-Relative","//body/main/main/section[2]/div/div[1]/div[2]/img","Content","HTML","","",""
"Image","https://leon-international.com/engine-parts/","https://leon-international.com/images/engine-parts/banner.webp","Marine Engine Parts — OEM & Aftermarket Background","50","Root-Relative","//body/main/main/section[1]/div[1]/img","Content","HTML","","",""
"Image","https://leon-international.com/blog/","https://leon-international.com/_next/image/?url=https%3A%2F%2Fimages.unsplash.com%2Fphoto-1581092335397-9583eb92d232%3Fq%3D80%26w%3D1000%26auto%3Dformat%26fit%3Dcrop&w=3840&q=75","Understanding Non-Destructive Testing: UFD, MT, PT, and When You Need Each","74","Root-Relative","//body/main/main/section[2]/div[4]/div/article[4]/a/img","Content","HTML","","",""
"Image","https://leon-international.com/blog/understanding-non-destructive-testing/","https://leon-international.com/_next/image/?url=https%3A%2F%2Fimages.unsplash.com%2Fphoto-1581092335397-9583eb92d232%3Fq%3D80%26w%3D1000%26auto%3Dformat%26fit%3Dcrop&w=3840&q=75","Understanding Non-Destructive Testing: UFD, MT, PT, and When You Need Each","74","Root-Relative","//body/main/main/section[1]/div[1]/img","Content","HTML","","",""
"Image","https://leon-international.com/ultrasonic-gauging/","https://leon-international.com/_next/image/?url=%2Fimages%2Fultrasonic-gauging%2Fcomponent.webp&w=3840&q=75","Ultrasonic Thickness Gauging (UTG) performed by Leon International Marine Engineers","83","Root-Relative","//body/main/main/section[2]/div/div[1]/div[2]/img","Content","HTML","","",""
"Image","https://leon-international.com/engine-parts/","https://leon-international.com/_next/image/?url=%2Fimages%2Fengine-parts%2Fcomponent.webp&w=3840&q=75","Marine Engine Parts performed by Leon International Marine Engineers","68","Root-Relative","//body/main/main/section[2]/div/div[1]/div[2]/img","Content","HTML","","",""
"Image","https://leon-international.com/hydraulic-pump-overhauling/","https://leon-international.com/images/hydraulic-pump-overhauling/banner.webp","Hydraulic Pump & System Overhaul Background","43","Root-Relative","//body/main/main/section[1]/div[1]/img","Content","HTML","","",""
"Image","https://leon-international.com/chemical-supplies/","https://leon-international.com/_next/image/?url=%2Fimages%2Fchemical-supplies%2Fcomponent.webp&w=3840&q=75","Chemical Supplies","17","Root-Relative","//body/main/main/section[2]/div/div[1]/div[2]/img","Content","HTML","","",""
"Image","https://leon-international.com/custom-parts-fabrication/","https://leon-international.com/images/custom-parts-fabrication/banner.webp","Custom Spare Parts Fabrication Background","41","Root-Relative","//body/main/main/section[1]/div[1]/img","Content","HTML","","",""
"Image","https://leon-international.com/boiler-repair/","https://leon-international.com/images/boiler-repair/banner.webp","Marine Boiler Repair Services Background","40","Root-Relative","//body/main/main/section[1]/div[1]/img","Content","HTML","","",""
"Image","https://leon-international.com/ultrasonic-gauging/","https://leon-international.com/images/ultrasonic-gauging/banner.webp","Ultrasonic Thickness Gauging (UTG) Background","45","Root-Relative","//body/main/main/section[1]/div[1]/img","Content","HTML","","",""
"Image","https://leon-international.com/hatch-cover-testing/","https://leon-international.com/images/hatch-cover-testing/banner.webp","Hatch Cover Ultrasonic Testing Background","41","Root-Relative","//body/main/main/section[1]/div[1]/img","Content","HTML","","",""
"Image","https://leon-international.com/welding-services/","https://leon-international.com/_next/image/?url=%2Fimages%2Fwelding%2Fservice-1.webp&w=3840&q=75","Certified marine engineer meticulously welding a thick steel pipe joint","71","Root-Relative","//body/main/main/section[2]/div/div[2]/div[1]/img","Content","HTML","","",""
"Image","https://leon-international.com/metal-stitching/","https://leon-international.com/_next/image/?url=%2Fimages%2Fmetal-stitching%2Fcomponent.webp&w=3840&q=75","Cold Metal Stitching performed by Leon International Marine Engineers","69","Root-Relative","//body/main/main/section[2]/div/div[1]/div[2]/img","Content","HTML","","",""
"Image","https://leon-international.com/blog/","https://leon-international.com/_next/image/?url=https%3A%2F%2Fimages.unsplash.com%2Fphoto-1504917595217-d4dc5ebe6122%3Fq%3D80%26w%3D1000%26auto%3Dformat%26fit%3Dcrop&w=3840&q=75","Crane Load Testing: Why It Matters and How It's Done","52","Root-Relative","//body/main/main/section[2]/div[4]/div/article[6]/a/img","Content","HTML","","",""
"Image","https://leon-international.com/blog/crane-load-testing-importance/","https://leon-international.com/_next/image/?url=https%3A%2F%2Fimages.unsplash.com%2Fphoto-1504917595217-d4dc5ebe6122%3Fq%3D80%26w%3D1000%26auto%3Dformat%26fit%3Dcrop&w=3840&q=75","Crane Load Testing: Why It Matters and How It's Done","52","Root-Relative","//body/main/main/section[1]/div[1]/img","Content","HTML","","",""
"Image","https://leon-international.com/magnetic-particle-inspection/","https://leon-international.com/_next/image/?url=%2Fimages%2Fmagnetic-particle-inspection%2Fcomponent.webp&w=3840&q=75","Magnetic Particle Inspection (MPI) performed by Leon International Marine Engineers","83","Root-Relative","//body/main/main/section[2]/div/div[1]/div[2]/img","Content","HTML","","",""
"Image","https://leon-international.com/custom-parts-fabrication/","https://leon-international.com/_next/image/?url=%2Fimages%2Fcustom-parts-fabrication%2Fcomponent.webp&w=3840&q=75","Custom Spare Parts Fabrication performed by Leon International Marine Engineers","79","Root-Relative","//body/main/main/section[2]/div/div[1]/div[2]/img","Content","HTML","","",""
"Image","https://leon-international.com/hatch-cover-testing/","https://leon-international.com/_next/image/?url=%2Fimages%2Fhatch-cover-testing%2Fcomponent.webp&w=3840&q=75","Hatch Cover Ultrasonic Testing performed by Leon International Marine Engineers","79","Root-Relative","//body/main/main/section[2]/div/div[1]/div[2]/img","Content","HTML","","",""
"Image","https://leon-international.com/fabrication/","https://leon-international.com/_next/image/?url=%2Fimages%2Ffabrication%2Fservice-1.webp&w=3840&q=75","Certified marine engineers performing precision heavy-duty welding on a commercial vessel","89","Root-Relative","//body/main/main/section[2]/div/div[2]/div[1]/img","Content","HTML","","",""
"Image","https://leon-international.com/ultrasonic-flaw-detection/","https://leon-international.com/images/ultrasonic-flaw-detection/banner.webp","Ultrasonic Flaw Detection (UFD) Background","42","Root-Relative","//body/main/main/section[1]/div[1]/img","Content","HTML","","",""
"Image","https://leon-international.com/projects/","https://leon-international.com/_next/image/?url=https%3A%2F%2Fimages.unsplash.com%2Fphoto-1581092335397-9583eb92d232%3Fq%3D80%26w%3D2000%26auto%3Dformat%26fit%3Dcrop&w=3840&q=75","Oil Purifier Reconditioning","27","Root-Relative","//body/main/main/section[2]/div[4]/div/div[2]/div[8]/div[1]/img","Content","HTML","","",""
"Image","https://leon-international.com/mechanical-repair/","https://leon-international.com/_next/image/?url=%2Fimages%2Fmechanical-repair%2Fcomponent.webp&w=3840&q=75","Mechanical Repair & Reconditioning performed by Leon International Marine Engineers","83","Root-Relative","//body/main/main/section[2]/div/div/div[2]/img","Content","HTML","","",""
"Image","https://leon-international.com/crane-load-test/","https://leon-international.com/images/crane-load-test/banner.webp","Marine Crane Load Testing Background","36","Root-Relative","//body/main/main/section[1]/div[1]/img","Content","HTML","","",""
"Image","https://leon-international.com/steel-structure-fabrication/","https://leon-international.com/_next/image/?url=%2Fimages%2Fsteel-structure%2Fservice-1.webp&w=3840&q=75","Marine structural engineer inspecting a massive heavy-duty steel hull plate weld","80","Root-Relative","//body/main/main/section[2]/div/div[2]/div[1]/img","Content","HTML","","",""
"Image","https://leon-international.com/air-lifting-balloon/","https://leon-international.com/_next/image/?url=%2Fimages%2Fair-lifting-balloon%2Fcomponent.webp&w=3840&q=75","Air Lifting Balloon Services performed by Leon International Marine Engineers","77","Root-Relative","//body/main/main/section[2]/div/div[1]/div[2]/img","Content","HTML","","",""
"Image","https://leon-international.com/motor-rewinding/","https://leon-international.com/_next/image/?url=%2Fimages%2Fmotor-rewinding%2Fcomponent.webp&w=3840&q=75","Electric Motor Rewinding performed by Leon International Marine Engineers","73","Root-Relative","//body/main/main/section[2]/div/div[1]/div[2]/img","Content","HTML","","",""
"Image","https://leon-international.com/transformer-rewinding/","https://leon-international.com/images/transformer-rewinding/banner.webp","Transformer Rewinding Services Background","41","Root-Relative","//body/main/main/section[1]/div[1]/img","Content","HTML","","",""
"Image","https://leon-international.com/hvac/","https://leon-international.com/_next/image/?url=%2Fimages%2Fhvac%2Fcomponent.webp&w=3840&q=75","Marine HVAC & Refrigeration Solutions performed by Leon International Marine Engineers","86","Root-Relative","//body/main/main/section[2]/div/div/div[2]/img","Content","HTML","","",""
"Image","https://leon-international.com/deck-machinery-overhauling/","https://leon-international.com/_next/image/?url=%2Fimages%2Fdeck-machinery-overhauling%2Fcomponent.webp&w=3840&q=75","Deck Machinery Overhauling performed by Leon International Marine Engineers","75","Root-Relative","//body/main/main/section[2]/div/div[1]/div[2]/img","Content","HTML","","",""
"Image","https://leon-international.com/electrical/","https://leon-international.com/_next/image/?url=%2Fimages%2Felectrical%2Fcomponent.webp&w=3840&q=75","Marine Electrical & Electronics Services performed by Leon International Marine Engineers","89","Root-Relative","//body/main/main/section[2]/div/div/div[2]/img","Content","HTML","","",""
"Image","https://leon-international.com/dye-penetrant-testing/","https://leon-international.com/_next/image/?url=%2Fimages%2Fdye-penetrant-testing%2Fcomponent.webp&w=3840&q=75","Dye Penetrant / Liquid Penetrant Testing performed by Leon International Marine Engineers","89","Root-Relative","//body/main/main/section[2]/div/div[1]/div[2]/img","Content","HTML","","",""
"Image","https://leon-international.com/specialized/","https://leon-international.com/images/specialized/banner-v2.webp","Specialized Marine Services Background","38","Root-Relative","//body/main/main/section[1]/div[1]/img","Content","HTML","","",""
"Image","https://leon-international.com/spare-parts-supply/","https://leon-international.com/images/spare-parts-supply/banner.webp","Urgent Marine Spare Parts Supply Background","43","Root-Relative","//body/main/main/section[1]/div[1]/img","Content","HTML","","",""
"Image","https://leon-international.com/projects/","https://leon-international.com/_next/image/?url=https%3A%2F%2Fimages.unsplash.com%2Fphoto-1581091226825-a6a2a5aee158%3Fq%3D80%26w%3D2000%26auto%3Dformat%26fit%3Dcrop&w=3840&q=75","Generator Overhauling","21","Root-Relative","//body/main/main/section[2]/div[4]/div/div[2]/div[5]/div[1]/img","Content","HTML","","",""
"Image","https://leon-international.com/food-supply-chain-support/","https://leon-international.com/_next/image/?url=%2Fimages%2Ffood-supply-chain-support%2Fcomponent.webp&w=3840&q=75","Food Supply Chain Support operations","36","Root-Relative","//body/main/main/section[2]/div/div[1]/div[2]/img","Content","HTML","","",""
"Image","https://leon-international.com/electrical/","https://leon-international.com/images/electrical/banner.webp","Marine Electrical & Electronics Services Background","51","Root-Relative","//body/main/main/section[1]/div[1]/img","Content","HTML","","",""
"Image","https://leon-international.com/pcb-card-repair/","https://leon-international.com/_next/image/?url=%2Fimages%2Fpcb-card-repair%2Fcomponent.webp&w=3840&q=75","Marine PCB Card Repair performed by Leon International Marine Engineers","71","Root-Relative","//body/main/main/section[2]/div/div[1]/div[2]/img","Content","HTML","","",""
"Image","https://leon-international.com/metal-stitching/","https://leon-international.com/images/metal-stitching/banner.webp","Cold Metal Stitching Background","31","Root-Relative","//body/main/main/section[1]/div[1]/img","Content","HTML","","",""
"Image","https://leon-international.com/blog/","https://leon-international.com/_next/image/?url=https%3A%2F%2Fimages.unsplash.com%2Fphoto-1581091226825-a6a2a5aee158%3Fq%3D80%26w%3D1000%26auto%3Dformat%26fit%3Dcrop&w=3840&q=75","OEM vs. Aftermarket Marine Engine Spares: Which is Safer for Commercial Vessels?","80","Root-Relative","//body/main/main/section[2]/div[4]/div/article[2]/a/img","Content","HTML","","",""
"Image","https://leon-international.com/blog/","https://leon-international.com/_next/image/?url=https%3A%2F%2Fimages.unsplash.com%2Fphoto-1581091226825-a6a2a5aee158%3Fq%3D80%26w%3D1000%26auto%3Dformat%26fit%3Dcrop&w=3840&q=75","The Complete Guide to Marine Engine Maintenance: When to Repair vs. Replace","75","Root-Relative","//body/main/main/section[2]/div[4]/div/article[3]/a/img","Content","HTML","","",""
"Image","https://leon-international.com/blog/understanding-non-destructive-testing/","https://leon-international.com/_next/image/?url=https%3A%2F%2Fimages.unsplash.com%2Fphoto-1581091226825-a6a2a5aee158%3Fq%3D80%26w%3D1000%26auto%3Dformat%26fit%3Dcrop&w=3840&q=75","OEM vs. Aftermarket Marine Engine Spares: Which is Safer for Commercial Vessels?","80","Root-Relative","//body/main/main/section[4]/div/div[2]/a[2]/div[1]/img","Content","HTML","","",""
"Image","https://leon-international.com/blog/guide-marine-engine-maintenance/","https://leon-international.com/_next/image/?url=https%3A%2F%2Fimages.unsplash.com%2Fphoto-1581091226825-a6a2a5aee158%3Fq%3D80%26w%3D1000%26auto%3Dformat%26fit%3Dcrop&w=3840&q=75","The Complete Guide to Marine Engine Maintenance: When to Repair vs. Replace","75","Root-Relative","//body/main/main/section[1]/div[1]/img","Content","HTML","","",""
"Image","https://leon-international.com/blog/guide-marine-engine-maintenance/","https://leon-international.com/_next/image/?url=https%3A%2F%2Fimages.unsplash.com%2Fphoto-1581091226825-a6a2a5aee158%3Fq%3D80%26w%3D1000%26auto%3Dformat%26fit%3Dcrop&w=3840&q=75","OEM vs. Aftermarket Marine Engine Spares: Which is Safer for Commercial Vessels?","80","Root-Relative","//body/main/main/section[4]/div/div[2]/a[2]/div[1]/img","Content","HTML","","",""
"Image","https://leon-international.com/blog/emergency-ship-repair-anchorage-guide/","https://leon-international.com/_next/image/?url=https%3A%2F%2Fimages.unsplash.com%2Fphoto-1581091226825-a6a2a5aee158%3Fq%3D80%26w%3D1000%26auto%3Dformat%26fit%3Dcrop&w=3840&q=75","OEM vs. Aftermarket Marine Engine Spares: Which is Safer for Commercial Vessels?","80","Root-Relative","//body/main/main/section[4]/div/div[2]/a[1]/div[1]/img","Content","HTML","","",""
"Image","https://leon-international.com/blog/emergency-ship-repair-anchorage-guide/","https://leon-international.com/_next/image/?url=https%3A%2F%2Fimages.unsplash.com%2Fphoto-1581091226825-a6a2a5aee158%3Fq%3D80%26w%3D1000%26auto%3Dformat%26fit%3Dcrop&w=3840&q=75","The Complete Guide to Marine Engine Maintenance: When to Repair vs. Replace","75","Root-Relative","//body/main/main/section[4]/div/div[2]/a[2]/div[1]/img","Content","HTML","","",""
"Image","https://leon-international.com/blog/signs-main-engine-needs-overhauling/","https://leon-international.com/_next/image/?url=https%3A%2F%2Fimages.unsplash.com%2Fphoto-1581091226825-a6a2a5aee158%3Fq%3D80%26w%3D1000%26auto%3Dformat%26fit%3Dcrop&w=3840&q=75","OEM vs. Aftermarket Marine Engine Spares: Which is Safer for Commercial Vessels?","80","Root-Relative","//body/main/main/section[4]/div/div[2]/a[2]/div[1]/img","Content","HTML","","",""
"Image","https://leon-international.com/blog/oem-vs-aftermarket-marine-spares/","https://leon-international.com/_next/image/?url=https%3A%2F%2Fimages.unsplash.com%2Fphoto-1581091226825-a6a2a5aee158%3Fq%3D80%26w%3D1000%26auto%3Dformat%26fit%3Dcrop&w=3840&q=75","OEM vs. Aftermarket Marine Engine Spares: Which is Safer for Commercial Vessels?","80","Root-Relative","//body/main/main/section[1]/div[1]/img","Content","HTML","","",""
"Image","https://leon-international.com/blog/oem-vs-aftermarket-marine-spares/","https://leon-international.com/_next/image/?url=https%3A%2F%2Fimages.unsplash.com%2Fphoto-1581091226825-a6a2a5aee158%3Fq%3D80%26w%3D1000%26auto%3Dformat%26fit%3Dcrop&w=3840&q=75","The Complete Guide to Marine Engine Maintenance: When to Repair vs. Replace","75","Root-Relative","//body/main/main/section[4]/div/div[2]/a[2]/div[1]/img","Content","HTML","","",""
"Image","https://leon-international.com/blog/crane-load-testing-importance/","https://leon-international.com/_next/image/?url=https%3A%2F%2Fimages.unsplash.com%2Fphoto-1581091226825-a6a2a5aee158%3Fq%3D80%26w%3D1000%26auto%3Dformat%26fit%3Dcrop&w=3840&q=75","OEM vs. Aftermarket Marine Engine Spares: Which is Safer for Commercial Vessels?","80","Root-Relative","//body/main/main/section[4]/div/div[2]/a[2]/div[1]/img","Content","HTML","","",""
"Image","https://leon-international.com/blog/new-vs-reconditioned-marine-parts/","https://leon-international.com/_next/image/?url=https%3A%2F%2Fimages.unsplash.com%2Fphoto-1581091226825-a6a2a5aee158%3Fq%3D80%26w%3D1000%26auto%3Dformat%26fit%3Dcrop&w=3840&q=75","OEM vs. Aftermarket Marine Engine Spares: Which is Safer for Commercial Vessels?","80","Root-Relative","//body/main/main/section[4]/div/div[2]/a[2]/div[1]/img","Content","HTML","","",""
"Image","https://leon-international.com/blog/industrial-protective-coatings/","https://leon-international.com/_next/image/?url=https%3A%2F%2Fimages.unsplash.com%2Fphoto-1581091226825-a6a2a5aee158%3Fq%3D80%26w%3D1000%26auto%3Dformat%26fit%3Dcrop&w=3840&q=75","OEM vs. Aftermarket Marine Engine Spares: Which is Safer for Commercial Vessels?","80","Root-Relative","//body/main/main/section[4]/div/div[2]/a[2]/div[1]/img","Content","HTML","","",""
"Image","https://leon-international.com/industrial-coatings/","https://leon-international.com/_next/image/?url=%2Fimages%2Findustrial-coatings%2Fcomponent.webp&w=3840&q=75","Belzona & Industrial Coatings performed by Leon International Marine Engineers","78","Root-Relative","//body/main/main/section[2]/div/div[1]/div[2]/img","Content","HTML","","",""
"Image","https://leon-international.com/ultrasonic-flaw-detection/","https://leon-international.com/_next/image/?url=%2Fimages%2Fultrasonic-flaw-detection%2Fcomponent-v2.webp&w=3840&q=75","Ultrasonic Flaw Detection (UFD) performed by Leon International Marine Engineers","80","Root-Relative","//body/main/main/section[2]/div/div[1]/div[2]/img","Content","HTML","","",""
"Image","https://leon-international.com/industrial-coatings/","https://leon-international.com/images/industrial-coatings/banner.webp","Belzona & Industrial Coatings Background","40","Root-Relative","//body/main/main/section[1]/div[1]/img","Content","HTML","","",""
"Image","https://leon-international.com/projects/","https://leon-international.com/_next/image/?url=https%3A%2F%2Fimages.unsplash.com%2Fphoto-1581092160562-40aa08e78837%3Fq%3D80%26w%3D2000%26auto%3Dformat%26fit%3Dcrop&w=3840&q=75","Loading Arms Repairing","22","Root-Relative","//body/main/main/section[2]/div[4]/div/div[2]/div[2]/div[1]/img","Content","HTML","","",""
"Image","https://leon-international.com/dry-docking-slts/","https://leon-international.com/_next/image/?url=%2Fimages%2Fdry-docking%2Fservice-1.webp&w=3840&q=75","Marine engineers performing precision maintenance inside a commercial dry dock","78","Root-Relative","//body/main/main/section[2]/div/div[2]/div[1]/img","Content","HTML","","",""
"Image","https://leon-international.com/gyro-compass-overhauling/","https://leon-international.com/images/gyro-compass-overhauling/banner.webp","Gyro Compass Maintenance Background","35","Root-Relative","//body/main/main/section[1]/div[1]/img","Content","HTML","","",""
"Image","https://leon-international.com/magnetic-particle-inspection/","https://leon-international.com/images/magnetic-particle-inspection/banner.webp","Magnetic Particle Inspection (MPI) Background","45","Root-Relative","//body/main/main/section[1]/div[1]/img","Content","HTML","","",""
"Image","https://leon-international.com/buoys-fabrication/","https://leon-international.com/images/buoys/banner.webp","Custom Buoy Fabrication Background","34","Root-Relative","//body/main/main/section[1]/div[1]/img","Content","HTML","","",""
"Image","https://leon-international.com/hardness-testing/","https://leon-international.com/images/hardness-testing/banner.webp","Metal Hardness Testing Background","33","Root-Relative","//body/main/main/section[1]/div[1]/img","Content","HTML","","",""
"Image","https://leon-international.com/protective-coatings/","https://leon-international.com/_next/image/?url=%2Fimages%2Fprotective-coatings%2Fcomponent.webp&w=3840&q=75","Marine Protective Coatings & Sandblasting performed by Leon International Marine Engineers","90","Root-Relative","//body/main/main/section[2]/div/div/div[2]/img","Content","HTML","","",""
"Image","https://leon-international.com/cold-storage-repair/","https://leon-international.com/images/cold-storage-repair/banner.webp","Cold Storage Refrigeration Service Background","45","Root-Relative","//body/main/main/section[1]/div[1]/img","Content","HTML","","",""
"Image","https://leon-international.com/buoys-fabrication/","https://leon-international.com/_next/image/?url=%2Fimages%2Fbuoys%2Fservice-1.webp&w=3840&q=75","Skilled marine fabricator welding the curved steel hull of a gigantic offshore navigational buoy","96","Root-Relative","//body/main/main/section[2]/div/div[2]/div[1]/img","Content","HTML","","",""
"Image","https://leon-international.com/major-ship-repair/","https://leon-international.com/images/major-repair/banner.webp","Major Ship Repair Projects Background","37","Root-Relative","//body/main/main/section[1]/div[1]/img","Content","HTML","","",""
"Image","https://leon-international.com/hardness-testing/","https://leon-international.com/_next/image/?url=%2Fimages%2Fhardness-testing%2Fcomponent.webp&w=3840&q=75","Metal Hardness Testing performed by Leon International Marine Engineers","71","Root-Relative","//body/main/main/section[2]/div/div[1]/div[2]/img","Content","HTML","","",""
"Image","https://leon-international.com/food-supply-chain-support/","https://leon-international.com/images/food-supply-chain-support/banner.webp","Food Supply Chain Support Background","36","Root-Relative","//body/main/main/section[1]/div[1]/img","Content","HTML","","",""
"Image","https://leon-international.com/welding-services/","https://leon-international.com/images/welding/banner.webp","Class-Approved Marine Welding Background","40","Root-Relative","//body/main/main/section[1]/div[1]/img","Content","HTML","","",""
"Image","https://leon-international.com/blog/crane-load-testing-importance/","https://images.unsplash.com/photo-1504917595217-d4dc5ebe6122?q=80&w=1000&auto=format&fit=crop","Large Marine Crane Testing","26","Absolute","//body/main/main/section[2]/div[2]/article/div[2]/img","Content","HTML","","",""
"Image","https://leon-international.com/blog/understanding-non-destructive-testing/","https://images.unsplash.com/photo-1581092335397-9583eb92d232?q=80&w=1000&auto=format&fit=crop","Engineer performing Ultrasonic Flaw Detection","45","Absolute","//body/main/main/section[2]/div[2]/article/div[2]/img","Content","HTML","","",""
"Image","https://leon-international.com/blog/industrial-protective-coatings/","https://images.unsplash.com/photo-1582213782179-e0d53f98f2ca?q=80&w=1000&auto=format&fit=crop","Applying Industrial Protective Coating to Pipes","47","Absolute","//body/main/main/section[2]/div[2]/article/div[2]/img","Content","HTML","","",""
"Image","https://leon-international.com/blog/oem-vs-aftermarket-marine-spares/","https://images.unsplash.com/photo-1581091226825-a6a2a5aee158?q=80&w=1000&auto=format&fit=crop","Precision marine engine components laid out for inspection","58","Absolute","//body/main/main/section[2]/div[2]/article/div[2]/img","Content","HTML","","",""
"Image","https://leon-international.com/blog/guide-marine-engine-maintenance/","https://images.unsplash.com/photo-1581092160562-40aa08e78837?q=80&w=1000&auto=format&fit=crop","Engine Overhaul in Progress","27","Absolute","//body/main/main/section[2]/div[2]/article/div[2]/img","Content","HTML","","",""
